,loss_train,loss_test,experiment,depth,width,batch_size,lr,gamma,name
0,287.72283935546875,343.3412170410156,1,20,100,128,0.001,0.0,g0
1,294.01324462890625,342.3088684082031,1,20,100,128,0.001,0.0,g0
2,266.8913269042969,340.8515625,1,20,100,128,0.001,0.0,g0
3,252.06488037109375,339.04217529296875,1,20,100,128,0.001,0.0,g0
4,304.13092041015625,336.8658752441406,1,20,100,128,0.001,0.0,g0
5,263.0214538574219,334.4032287597656,1,20,100,128,0.001,0.0,g0
6,289.80572509765625,331.666748046875,1,20,100,128,0.001,0.0,g0
7,252.28648376464844,328.7099914550781,1,20,100,128,0.001,0.0,g0
8,296.9443664550781,325.5332946777344,1,20,100,128,0.001,0.0,g0
9,296.66424560546875,322.15545654296875,1,20,100,128,0.001,0.0,g0
10,344.273193359375,318.5722961425781,1,20,100,128,0.001,0.0,g0
11,260.5298767089844,314.87994384765625,1,20,100,128,0.001,0.0,g0
12,245.31756591796875,311.1057434082031,1,20,100,128,0.001,0.0,g0
13,276.78662109375,307.2382507324219,1,20,100,128,0.001,0.0,g0
14,275.7098388671875,303.29266357421875,1,20,100,128,0.001,0.0,g0
15,256.5993957519531,299.2928771972656,1,20,100,128,0.001,0.0,g0
16,227.54104614257812,295.277587890625,1,20,100,128,0.001,0.0,g0
17,183.98472595214844,291.288330078125,1,20,100,128,0.001,0.0,g0
18,258.39166259765625,287.2629089355469,1,20,100,128,0.001,0.0,g0
19,249.46694946289062,283.2190856933594,1,20,100,128,0.001,0.0,g0
20,246.629638671875,279.1636962890625,1,20,100,128,0.001,0.0,g0
21,225.77960205078125,275.1162109375,1,20,100,128,0.001,0.0,g0
22,266.6019287109375,271.04339599609375,1,20,100,128,0.001,0.0,g0
23,262.48333740234375,266.9579162597656,1,20,100,128,0.001,0.0,g0
24,198.15170288085938,262.9105224609375,1,20,100,128,0.001,0.0,g0
25,240.67056274414062,258.8775939941406,1,20,100,128,0.001,0.0,g0
26,199.12335205078125,254.87249755859375,1,20,100,128,0.001,0.0,g0
27,196.4247589111328,250.90834045410156,1,20,100,128,0.001,0.0,g0
28,199.24899291992188,246.9664306640625,1,20,100,128,0.001,0.0,g0
29,219.88922119140625,243.02020263671875,1,20,100,128,0.001,0.0,g0
30,210.77410888671875,239.0815887451172,1,20,100,128,0.001,0.0,g0
31,209.49313354492188,235.14425659179688,1,20,100,128,0.001,0.0,g0
32,182.09417724609375,231.22830200195312,1,20,100,128,0.001,0.0,g0
33,202.41525268554688,227.29763793945312,1,20,100,128,0.001,0.0,g0
34,179.39321899414062,223.37644958496094,1,20,100,128,0.001,0.0,g0
35,174.9482879638672,219.45249938964844,1,20,100,128,0.001,0.0,g0
36,168.20751953125,215.5041046142578,1,20,100,128,0.001,0.0,g0
37,167.87347412109375,211.51995849609375,1,20,100,128,0.001,0.0,g0
38,148.55548095703125,207.50132751464844,1,20,100,128,0.001,0.0,g0
39,186.10501098632812,203.37791442871094,1,20,100,128,0.001,0.0,g0
40,154.26022338867188,199.1575164794922,1,20,100,128,0.001,0.0,g0
41,174.3735809326172,194.79017639160156,1,20,100,128,0.001,0.0,g0
42,146.48992919921875,190.29591369628906,1,20,100,128,0.001,0.0,g0
43,173.49777221679688,185.58441162109375,1,20,100,128,0.001,0.0,g0
44,133.26649475097656,180.6974639892578,1,20,100,128,0.001,0.0,g0
45,135.123046875,175.5764923095703,1,20,100,128,0.001,0.0,g0
46,174.66148376464844,170.12252807617188,1,20,100,128,0.001,0.0,g0
47,147.7615966796875,164.3123779296875,1,20,100,128,0.001,0.0,g0
48,126.05458068847656,158.1754150390625,1,20,100,128,0.001,0.0,g0
49,138.86172485351562,151.64450073242188,1,20,100,128,0.001,0.0,g0
50,103.91737365722656,144.80516052246094,1,20,100,128,0.001,0.0,g0
51,119.59818267822266,137.59507751464844,1,20,100,128,0.001,0.0,g0
52,96.83924102783203,130.08169555664062,1,20,100,128,0.001,0.0,g0
53,95.36920166015625,122.24835205078125,1,20,100,128,0.001,0.0,g0
54,87.65275573730469,114.16669464111328,1,20,100,128,0.001,0.0,g0
55,110.88886260986328,105.77226257324219,1,20,100,128,0.001,0.0,g0
56,93.9537124633789,97.25353240966797,1,20,100,128,0.001,0.0,g0
57,86.26028442382812,88.72603607177734,1,20,100,128,0.001,0.0,g0
58,82.39131164550781,80.36839294433594,1,20,100,128,0.001,0.0,g0
59,54.678680419921875,72.49608612060547,1,20,100,128,0.001,0.0,g0
60,58.0793342590332,65.31396484375,1,20,100,128,0.001,0.0,g0
61,42.30299758911133,58.99787521362305,1,20,100,128,0.001,0.0,g0
62,55.65577697753906,53.67850112915039,1,20,100,128,0.001,0.0,g0
63,34.68682098388672,49.575340270996094,1,20,100,128,0.001,0.0,g0
64,43.849449157714844,46.67266845703125,1,20,100,128,0.001,0.0,g0
65,41.775150299072266,44.817745208740234,1,20,100,128,0.001,0.0,g0
66,39.43975067138672,43.904144287109375,1,20,100,128,0.001,0.0,g0
67,44.78456115722656,43.72216796875,1,20,100,128,0.001,0.0,g0
68,36.98433303833008,43.96437072753906,1,20,100,128,0.001,0.0,g0
69,44.10349655151367,44.41732406616211,1,20,100,128,0.001,0.0,g0
70,42.196571350097656,44.8175163269043,1,20,100,128,0.001,0.0,g0
71,38.423152923583984,45.03487777709961,1,20,100,128,0.001,0.0,g0
72,57.03437042236328,45.061763763427734,1,20,100,128,0.001,0.0,g0
73,51.907012939453125,44.86259078979492,1,20,100,128,0.001,0.0,g0
74,50.24761199951172,44.51701354980469,1,20,100,128,0.001,0.0,g0
75,48.829071044921875,44.140342712402344,1,20,100,128,0.001,0.0,g0
76,59.19352340698242,43.88454055786133,1,20,100,128,0.001,0.0,g0
77,45.73960876464844,43.73224639892578,1,20,100,128,0.001,0.0,g0
78,46.569149017333984,43.730411529541016,1,20,100,128,0.001,0.0,g0
79,37.020240783691406,43.87699508666992,1,20,100,128,0.001,0.0,g0
80,38.97996520996094,44.1829719543457,1,20,100,128,0.001,0.0,g0
81,42.346923828125,44.64883804321289,1,20,100,128,0.001,0.0,g0
82,41.64101791381836,45.201141357421875,1,20,100,128,0.001,0.0,g0
83,44.494606018066406,45.7791633605957,1,20,100,128,0.001,0.0,g0
84,38.885498046875,46.40408706665039,1,20,100,128,0.001,0.0,g0
85,38.6043701171875,47.03748321533203,1,20,100,128,0.001,0.0,g0
86,50.77756118774414,47.64274978637695,1,20,100,128,0.001,0.0,g0
87,48.28289794921875,48.07048416137695,1,20,100,128,0.001,0.0,g0
88,58.99855041503906,48.28038787841797,1,20,100,128,0.001,0.0,g0
89,48.128211975097656,48.40114212036133,1,20,100,128,0.001,0.0,g0
90,38.594688415527344,48.447052001953125,1,20,100,128,0.001,0.0,g0
91,42.78302764892578,48.42794418334961,1,20,100,128,0.001,0.0,g0
92,41.20183563232422,48.35758590698242,1,20,100,128,0.001,0.0,g0
93,46.3892822265625,48.23580551147461,1,20,100,128,0.001,0.0,g0
94,47.682193756103516,48.09735107421875,1,20,100,128,0.001,0.0,g0
95,50.40419006347656,47.8439826965332,1,20,100,128,0.001,0.0,g0
96,50.65427780151367,47.47832489013672,1,20,100,128,0.001,0.0,g0
97,32.92478561401367,47.233341217041016,1,20,100,128,0.001,0.0,g0
98,47.72882843017578,46.92324447631836,1,20,100,128,0.001,0.0,g0
99,30.80194854736328,46.695438385009766,1,20,100,128,0.001,0.0,g0
0,276.814697265625,343.345947265625,2,20,100,128,0.001,0.0,g0
1,302.8525390625,342.308837890625,2,20,100,128,0.001,0.0,g0
2,262.33502197265625,340.8456726074219,2,20,100,128,0.001,0.0,g0
3,302.5892639160156,338.9741516113281,2,20,100,128,0.001,0.0,g0
4,281.34039306640625,336.76220703125,2,20,100,128,0.001,0.0,g0
5,281.8899230957031,334.2486572265625,2,20,100,128,0.001,0.0,g0
6,321.40643310546875,331.4393310546875,2,20,100,128,0.001,0.0,g0
7,262.5827331542969,328.4199523925781,2,20,100,128,0.001,0.0,g0
8,288.3773193359375,325.1842041015625,2,20,100,128,0.001,0.0,g0
9,257.87042236328125,321.7926330566406,2,20,100,128,0.001,0.0,g0
10,316.63494873046875,318.21514892578125,2,20,100,128,0.001,0.0,g0
11,244.41033935546875,314.5422668457031,2,20,100,128,0.001,0.0,g0
12,233.37750244140625,310.7998352050781,2,20,100,128,0.001,0.0,g0
13,271.28997802734375,306.9603271484375,2,20,100,128,0.001,0.0,g0
14,236.87925720214844,303.0629577636719,2,20,100,128,0.001,0.0,g0
15,222.88845825195312,299.1396179199219,2,20,100,128,0.001,0.0,g0
16,243.4249725341797,295.177978515625,2,20,100,128,0.001,0.0,g0
17,247.00323486328125,291.1844177246094,2,20,100,128,0.001,0.0,g0
18,257.8512878417969,287.1515808105469,2,20,100,128,0.001,0.0,g0
19,211.78762817382812,283.13653564453125,2,20,100,128,0.001,0.0,g0
20,241.24081420898438,279.1078186035156,2,20,100,128,0.001,0.0,g0
21,263.4626159667969,275.0628662109375,2,20,100,128,0.001,0.0,g0
22,216.68927001953125,271.035400390625,2,20,100,128,0.001,0.0,g0
23,231.98489379882812,267.0101318359375,2,20,100,128,0.001,0.0,g0
24,219.668212890625,262.9944763183594,2,20,100,128,0.001,0.0,g0
25,229.30023193359375,258.990966796875,2,20,100,128,0.001,0.0,g0
26,242.6251983642578,254.980224609375,2,20,100,128,0.001,0.0,g0
27,210.9206085205078,250.9993133544922,2,20,100,128,0.001,0.0,g0
28,153.98876953125,247.09620666503906,2,20,100,128,0.001,0.0,g0
29,188.78179931640625,243.2166748046875,2,20,100,128,0.001,0.0,g0
30,195.93087768554688,239.353759765625,2,20,100,128,0.001,0.0,g0
31,198.16976928710938,235.49749755859375,2,20,100,128,0.001,0.0,g0
32,199.23983764648438,231.6318817138672,2,20,100,128,0.001,0.0,g0
33,185.67950439453125,227.76339721679688,2,20,100,128,0.001,0.0,g0
34,180.44464111328125,223.88790893554688,2,20,100,128,0.001,0.0,g0
35,249.53590393066406,219.9212188720703,2,20,100,128,0.001,0.0,g0
36,155.28836059570312,215.94522094726562,2,20,100,128,0.001,0.0,g0
37,158.99205017089844,211.94253540039062,2,20,100,128,0.001,0.0,g0
38,197.42147827148438,207.84304809570312,2,20,100,128,0.001,0.0,g0
39,164.90235900878906,203.6844482421875,2,20,100,128,0.001,0.0,g0
40,188.1055908203125,199.3951416015625,2,20,100,128,0.001,0.0,g0
41,150.37628173828125,194.98880004882812,2,20,100,128,0.001,0.0,g0
42,154.31204223632812,190.4281768798828,2,20,100,128,0.001,0.0,g0
43,151.7278289794922,185.68406677246094,2,20,100,128,0.001,0.0,g0
44,141.10421752929688,180.7361297607422,2,20,100,128,0.001,0.0,g0
45,142.57659912109375,175.55528259277344,2,20,100,128,0.001,0.0,g0
46,171.67385864257812,170.0446014404297,2,20,100,128,0.001,0.0,g0
47,134.94656372070312,164.23182678222656,2,20,100,128,0.001,0.0,g0
48,106.8035659790039,158.16270446777344,2,20,100,128,0.001,0.0,g0
49,114.57472229003906,151.75914001464844,2,20,100,128,0.001,0.0,g0
50,112.470947265625,145.00759887695312,2,20,100,128,0.001,0.0,g0
51,120.5714111328125,137.84512329101562,2,20,100,128,0.001,0.0,g0
52,116.29428100585938,130.25083923339844,2,20,100,128,0.001,0.0,g0
53,99.10582733154297,122.33241271972656,2,20,100,128,0.001,0.0,g0
54,71.25817108154297,114.26176452636719,2,20,100,128,0.001,0.0,g0
55,90.33207702636719,106.01506042480469,2,20,100,128,0.001,0.0,g0
56,70.11997985839844,97.68182373046875,2,20,100,128,0.001,0.0,g0
57,80.84742736816406,89.33931732177734,2,20,100,128,0.001,0.0,g0
58,66.80537414550781,81.18043518066406,2,20,100,128,0.001,0.0,g0
59,49.77825927734375,73.59483337402344,2,20,100,128,0.001,0.0,g0
60,73.00939178466797,66.4395751953125,2,20,100,128,0.001,0.0,g0
61,55.928749084472656,60.04848861694336,2,20,100,128,0.001,0.0,g0
62,34.281219482421875,54.85832977294922,2,20,100,128,0.001,0.0,g0
63,39.599761962890625,50.782325744628906,2,20,100,128,0.001,0.0,g0
64,45.89970397949219,47.67719650268555,2,20,100,128,0.001,0.0,g0
65,46.71183776855469,45.54840850830078,2,20,100,128,0.001,0.0,g0
66,55.2706413269043,44.263973236083984,2,20,100,128,0.001,0.0,g0
67,53.372947692871094,43.75787353515625,2,20,100,128,0.001,0.0,g0
68,38.46162796020508,43.770870208740234,2,20,100,128,0.001,0.0,g0
69,48.27470397949219,44.06603240966797,2,20,100,128,0.001,0.0,g0
70,41.61479949951172,44.430572509765625,2,20,100,128,0.001,0.0,g0
71,32.759971618652344,44.7359733581543,2,20,100,128,0.001,0.0,g0
72,48.21767044067383,44.864013671875,2,20,100,128,0.001,0.0,g0
73,49.94178009033203,44.855247497558594,2,20,100,128,0.001,0.0,g0
74,48.68464279174805,44.65545654296875,2,20,100,128,0.001,0.0,g0
75,51.759422302246094,44.33204650878906,2,20,100,128,0.001,0.0,g0
76,45.96443176269531,43.98548889160156,2,20,100,128,0.001,0.0,g0
77,36.85873031616211,43.75267028808594,2,20,100,128,0.001,0.0,g0
78,43.54485321044922,43.724029541015625,2,20,100,128,0.001,0.0,g0
79,42.651092529296875,43.91501998901367,2,20,100,128,0.001,0.0,g0
80,45.448856353759766,44.31513214111328,2,20,100,128,0.001,0.0,g0
81,50.374881744384766,44.86687088012695,2,20,100,128,0.001,0.0,g0
82,38.872108459472656,45.546165466308594,2,20,100,128,0.001,0.0,g0
83,44.00080871582031,46.262107849121094,2,20,100,128,0.001,0.0,g0
84,30.31865692138672,47.10001754760742,2,20,100,128,0.001,0.0,g0
85,45.946571350097656,47.9294319152832,2,20,100,128,0.001,0.0,g0
86,37.298912048339844,48.72298049926758,2,20,100,128,0.001,0.0,g0
87,61.55970001220703,49.254207611083984,2,20,100,128,0.001,0.0,g0
88,36.69501495361328,49.696441650390625,2,20,100,128,0.001,0.0,g0
89,50.42400360107422,50.04010009765625,2,20,100,128,0.001,0.0,g0
90,31.69675064086914,50.29554748535156,2,20,100,128,0.001,0.0,g0
91,55.84910583496094,50.287315368652344,2,20,100,128,0.001,0.0,g0
92,40.141849517822266,50.135162353515625,2,20,100,128,0.001,0.0,g0
93,55.230377197265625,49.79694366455078,2,20,100,128,0.001,0.0,g0
94,35.30671691894531,49.5148811340332,2,20,100,128,0.001,0.0,g0
95,33.252288818359375,49.283714294433594,2,20,100,128,0.001,0.0,g0
96,28.739696502685547,49.104984283447266,2,20,100,128,0.001,0.0,g0
97,38.99053955078125,48.938358306884766,2,20,100,128,0.001,0.0,g0
98,30.964927673339844,48.81623458862305,2,20,100,128,0.001,0.0,g0
99,54.96916198730469,48.51118850708008,2,20,100,128,0.001,0.0,g0
0,304.002197265625,343.3239440917969,3,20,100,128,0.001,0.0,g0
1,299.8534851074219,342.2666320800781,3,20,100,128,0.001,0.0,g0
2,281.98712158203125,340.7839660644531,3,20,100,128,0.001,0.0,g0
3,242.1641845703125,338.94744873046875,3,20,100,128,0.001,0.0,g0
4,301.9925537109375,336.7462158203125,3,20,100,128,0.001,0.0,g0
5,283.273681640625,334.24139404296875,3,20,100,128,0.001,0.0,g0
6,297.510986328125,331.4573669433594,3,20,100,128,0.001,0.0,g0
7,281.89105224609375,328.4375305175781,3,20,100,128,0.001,0.0,g0
8,271.5773010253906,325.22265625,3,20,100,128,0.001,0.0,g0
9,244.3059844970703,321.8580627441406,3,20,100,128,0.001,0.0,g0
10,314.26129150390625,318.30609130859375,3,20,100,128,0.001,0.0,g0
11,275.54632568359375,314.628662109375,3,20,100,128,0.001,0.0,g0
12,256.8527526855469,310.85284423828125,3,20,100,128,0.001,0.0,g0
13,259.3190612792969,306.99609375,3,20,100,128,0.001,0.0,g0
14,277.9215087890625,303.0533752441406,3,20,100,128,0.001,0.0,g0
15,273.75634765625,299.05316162109375,3,20,100,128,0.001,0.0,g0
16,236.3519287109375,295.0274658203125,3,20,100,128,0.001,0.0,g0
17,238.91452026367188,290.9808349609375,3,20,100,128,0.001,0.0,g0
18,231.21377563476562,286.9234313964844,3,20,100,128,0.001,0.0,g0
19,251.7827911376953,282.848876953125,3,20,100,128,0.001,0.0,g0
20,242.11209106445312,278.7675476074219,3,20,100,128,0.001,0.0,g0
21,242.8572998046875,274.68121337890625,3,20,100,128,0.001,0.0,g0
22,219.94480895996094,270.6102294921875,3,20,100,128,0.001,0.0,g0
23,224.70529174804688,266.5489807128906,3,20,100,128,0.001,0.0,g0
24,260.60003662109375,262.4621887207031,3,20,100,128,0.001,0.0,g0
25,251.02508544921875,258.36895751953125,3,20,100,128,0.001,0.0,g0
26,197.296875,254.3095245361328,3,20,100,128,0.001,0.0,g0
27,232.98622131347656,250.25978088378906,3,20,100,128,0.001,0.0,g0
28,189.4873046875,246.248779296875,3,20,100,128,0.001,0.0,g0
29,185.25662231445312,242.26943969726562,3,20,100,128,0.001,0.0,g0
30,188.48361206054688,238.31385803222656,3,20,100,128,0.001,0.0,g0
31,201.02638244628906,234.349853515625,3,20,100,128,0.001,0.0,g0
32,191.4000244140625,230.37156677246094,3,20,100,128,0.001,0.0,g0
33,167.88189697265625,226.4100799560547,3,20,100,128,0.001,0.0,g0
34,168.06488037109375,222.43101501464844,3,20,100,128,0.001,0.0,g0
35,204.18533325195312,218.39503479003906,3,20,100,128,0.001,0.0,g0
36,208.16946411132812,214.28622436523438,3,20,100,128,0.001,0.0,g0
37,152.91622924804688,210.1415557861328,3,20,100,128,0.001,0.0,g0
38,142.73548889160156,205.95889282226562,3,20,100,128,0.001,0.0,g0
39,162.43014526367188,201.66331481933594,3,20,100,128,0.001,0.0,g0
40,130.4976806640625,197.28140258789062,3,20,100,128,0.001,0.0,g0
41,143.75930786132812,192.74339294433594,3,20,100,128,0.001,0.0,g0
42,185.8032989501953,187.95675659179688,3,20,100,128,0.001,0.0,g0
43,143.28814697265625,182.9757843017578,3,20,100,128,0.001,0.0,g0
44,121.0561294555664,177.783203125,3,20,100,128,0.001,0.0,g0
45,116.74329376220703,172.3774871826172,3,20,100,128,0.001,0.0,g0
46,128.04031372070312,166.654541015625,3,20,100,128,0.001,0.0,g0
47,155.5189666748047,160.5075225830078,3,20,100,128,0.001,0.0,g0
48,136.07943725585938,153.947021484375,3,20,100,128,0.001,0.0,g0
49,129.2859344482422,146.968994140625,3,20,100,128,0.001,0.0,g0
50,96.95248413085938,139.65940856933594,3,20,100,128,0.001,0.0,g0
51,102.048828125,132.01258850097656,3,20,100,128,0.001,0.0,g0
52,112.86296081542969,123.9515380859375,3,20,100,128,0.001,0.0,g0
53,106.95053100585938,115.49620056152344,3,20,100,128,0.001,0.0,g0
54,89.61095428466797,106.78707885742188,3,20,100,128,0.001,0.0,g0
55,93.43705749511719,97.89468383789062,3,20,100,128,0.001,0.0,g0
56,83.10221862792969,89.0495834350586,3,20,100,128,0.001,0.0,g0
57,73.92832946777344,80.48572540283203,3,20,100,128,0.001,0.0,g0
58,61.94493865966797,72.38465118408203,3,20,100,128,0.001,0.0,g0
59,44.75457000732422,65.0730972290039,3,20,100,128,0.001,0.0,g0
60,44.131160736083984,58.747764587402344,3,20,100,128,0.001,0.0,g0
61,62.661048889160156,53.37169647216797,3,20,100,128,0.001,0.0,g0
62,33.115020751953125,49.34320068359375,3,20,100,128,0.001,0.0,g0
63,43.442970275878906,46.44939041137695,3,20,100,128,0.001,0.0,g0
64,41.056434631347656,44.68424987792969,3,20,100,128,0.001,0.0,g0
65,36.56134033203125,43.88175582885742,3,20,100,128,0.001,0.0,g0
66,42.117942810058594,43.720001220703125,3,20,100,128,0.001,0.0,g0
67,63.156585693359375,43.9959602355957,3,20,100,128,0.001,0.0,g0
68,46.73530197143555,44.43292999267578,3,20,100,128,0.001,0.0,g0
69,42.50572967529297,44.831687927246094,3,20,100,128,0.001,0.0,g0
70,55.40058517456055,45.09027099609375,3,20,100,128,0.001,0.0,g0
71,49.89027404785156,45.16265106201172,3,20,100,128,0.001,0.0,g0
72,54.01587677001953,44.96439743041992,3,20,100,128,0.001,0.0,g0
73,47.196834564208984,44.665016174316406,3,20,100,128,0.001,0.0,g0
74,58.14722442626953,44.28581237792969,3,20,100,128,0.001,0.0,g0
75,44.817100524902344,43.957481384277344,3,20,100,128,0.001,0.0,g0
76,57.3932991027832,43.73597717285156,3,20,100,128,0.001,0.0,g0
77,46.555545806884766,43.75660705566406,3,20,100,128,0.001,0.0,g0
78,45.59334182739258,44.026092529296875,3,20,100,128,0.001,0.0,g0
79,40.23308181762695,44.51798629760742,3,20,100,128,0.001,0.0,g0
80,45.12373733520508,45.13713455200195,3,20,100,128,0.001,0.0,g0
81,43.34612274169922,45.87509536743164,3,20,100,128,0.001,0.0,g0
82,43.02752685546875,46.58537673950195,3,20,100,128,0.001,0.0,g0
83,59.813350677490234,47.2275390625,3,20,100,128,0.001,0.0,g0
84,40.10464096069336,47.789669036865234,3,20,100,128,0.001,0.0,g0
85,38.8487434387207,48.34891891479492,3,20,100,128,0.001,0.0,g0
86,38.586971282958984,48.807891845703125,3,20,100,128,0.001,0.0,g0
87,54.108726501464844,49.091758728027344,3,20,100,128,0.001,0.0,g0
88,40.99622344970703,49.29741668701172,3,20,100,128,0.001,0.0,g0
89,35.2881965637207,49.40742111206055,3,20,100,128,0.001,0.0,g0
90,42.40028381347656,49.402828216552734,3,20,100,128,0.001,0.0,g0
91,36.463836669921875,49.30289840698242,3,20,100,128,0.001,0.0,g0
92,45.02996826171875,49.01842498779297,3,20,100,128,0.001,0.0,g0
93,37.997825622558594,48.741722106933594,3,20,100,128,0.001,0.0,g0
94,55.300132751464844,48.38240432739258,3,20,100,128,0.001,0.0,g0
95,42.02555847167969,47.9946174621582,3,20,100,128,0.001,0.0,g0
96,38.248443603515625,47.65966796875,3,20,100,128,0.001,0.0,g0
97,38.355125427246094,47.3369140625,3,20,100,128,0.001,0.0,g0
98,37.19499206542969,47.10014724731445,3,20,100,128,0.001,0.0,g0
99,38.748199462890625,46.8897819519043,3,20,100,128,0.001,0.0,g0
0,288.34674072265625,343.3376159667969,4,20,100,128,0.001,0.0,g0
1,282.466064453125,342.2995300292969,4,20,100,128,0.001,0.0,g0
2,327.5496520996094,340.7975769042969,4,20,100,128,0.001,0.0,g0
3,271.48883056640625,338.91973876953125,4,20,100,128,0.001,0.0,g0
4,251.06979370117188,336.7292175292969,4,20,100,128,0.001,0.0,g0
5,304.4970703125,334.2080993652344,4,20,100,128,0.001,0.0,g0
6,286.7973327636719,331.4127197265625,4,20,100,128,0.001,0.0,g0
7,278.0894775390625,328.3824768066406,4,20,100,128,0.001,0.0,g0
8,297.3851318359375,325.13323974609375,4,20,100,128,0.001,0.0,g0
9,249.6861572265625,321.73297119140625,4,20,100,128,0.001,0.0,g0
10,288.09002685546875,318.1831359863281,4,20,100,128,0.001,0.0,g0
11,242.10552978515625,314.52947998046875,4,20,100,128,0.001,0.0,g0
12,264.7637023925781,310.7683410644531,4,20,100,128,0.001,0.0,g0
13,281.8359069824219,306.90142822265625,4,20,100,128,0.001,0.0,g0
14,290.2327880859375,302.9440002441406,4,20,100,128,0.001,0.0,g0
15,284.9327697753906,298.9146423339844,4,20,100,128,0.001,0.0,g0
16,211.73651123046875,294.8858947753906,4,20,100,128,0.001,0.0,g0
17,246.00442504882812,290.83929443359375,4,20,100,128,0.001,0.0,g0
18,236.14663696289062,286.7909851074219,4,20,100,128,0.001,0.0,g0
19,243.94342041015625,282.7275695800781,4,20,100,128,0.001,0.0,g0
20,244.15293884277344,278.6658935546875,4,20,100,128,0.001,0.0,g0
21,192.28900146484375,274.6434326171875,4,20,100,128,0.001,0.0,g0
22,202.88343811035156,270.65277099609375,4,20,100,128,0.001,0.0,g0
23,190.30775451660156,266.7120361328125,4,20,100,128,0.001,0.0,g0
24,215.87664794921875,262.78497314453125,4,20,100,128,0.001,0.0,g0
25,216.36398315429688,258.876220703125,4,20,100,128,0.001,0.0,g0
26,212.54336547851562,254.9832763671875,4,20,100,128,0.001,0.0,g0
27,244.93917846679688,251.08602905273438,4,20,100,128,0.001,0.0,g0
28,169.177490234375,247.25262451171875,4,20,100,128,0.001,0.0,g0
29,158.9342803955078,243.48135375976562,4,20,100,128,0.001,0.0,g0
30,218.98040771484375,239.7089385986328,4,20,100,128,0.001,0.0,g0
31,197.78207397460938,235.9574737548828,4,20,100,128,0.001,0.0,g0
32,201.863037109375,232.20498657226562,4,20,100,128,0.001,0.0,g0
33,216.77857971191406,228.4329071044922,4,20,100,128,0.001,0.0,g0
34,170.52978515625,224.6793670654297,4,20,100,128,0.001,0.0,g0
35,198.9706268310547,220.9098358154297,4,20,100,128,0.001,0.0,g0
36,161.43075561523438,217.15472412109375,4,20,100,128,0.001,0.0,g0
37,186.90670776367188,213.36524963378906,4,20,100,128,0.001,0.0,g0
38,161.67047119140625,209.56085205078125,4,20,100,128,0.001,0.0,g0
39,173.85177612304688,205.71986389160156,4,20,100,128,0.001,0.0,g0
40,161.3883056640625,201.8343048095703,4,20,100,128,0.001,0.0,g0
41,144.96780395507812,197.8818817138672,4,20,100,128,0.001,0.0,g0
42,189.87600708007812,193.79367065429688,4,20,100,128,0.001,0.0,g0
43,138.64401245117188,189.6247100830078,4,20,100,128,0.001,0.0,g0
44,135.22804260253906,185.33692932128906,4,20,100,128,0.001,0.0,g0
45,101.60604095458984,180.9646759033203,4,20,100,128,0.001,0.0,g0
46,147.86325073242188,176.393310546875,4,20,100,128,0.001,0.0,g0
47,119.78431701660156,171.6397705078125,4,20,100,128,0.001,0.0,g0
48,161.29986572265625,166.57872009277344,4,20,100,128,0.001,0.0,g0
49,122.4485092163086,161.250732421875,4,20,100,128,0.001,0.0,g0
50,141.5923614501953,155.57012939453125,4,20,100,128,0.001,0.0,g0
51,109.8687515258789,149.63804626464844,4,20,100,128,0.001,0.0,g0
52,140.099853515625,143.3201446533203,4,20,100,128,0.001,0.0,g0
53,126.72702026367188,136.614013671875,4,20,100,128,0.001,0.0,g0
54,94.75961303710938,129.6190948486328,4,20,100,128,0.001,0.0,g0
55,132.7438201904297,122.1771469116211,4,20,100,128,0.001,0.0,g0
56,74.54904174804688,114.56317138671875,4,20,100,128,0.001,0.0,g0
57,81.9005126953125,106.75920867919922,4,20,100,128,0.001,0.0,g0
58,96.3336181640625,98.71469116210938,4,20,100,128,0.001,0.0,g0
59,105.23245239257812,90.46619415283203,4,20,100,128,0.001,0.0,g0
60,44.51972961425781,82.56794738769531,4,20,100,128,0.001,0.0,g0
61,58.79533386230469,75.09071350097656,4,20,100,128,0.001,0.0,g0
62,74.08464050292969,67.98399353027344,4,20,100,128,0.001,0.0,g0
63,52.57437515258789,61.572509765625,4,20,100,128,0.001,0.0,g0
64,39.399208068847656,56.175498962402344,4,20,100,128,0.001,0.0,g0
65,49.87628936767578,51.731014251708984,4,20,100,128,0.001,0.0,g0
66,35.87865447998047,48.32196044921875,4,20,100,128,0.001,0.0,g0
67,33.49053955078125,45.99789810180664,4,20,100,128,0.001,0.0,g0
68,52.95862579345703,44.522735595703125,4,20,100,128,0.001,0.0,g0
69,44.611454010009766,43.82207107543945,4,20,100,128,0.001,0.0,g0
70,42.03406524658203,43.73069381713867,4,20,100,128,0.001,0.0,g0
71,46.1380615234375,43.97527313232422,4,20,100,128,0.001,0.0,g0
72,42.51339340209961,44.312217712402344,4,20,100,128,0.001,0.0,g0
73,50.14006042480469,44.60017776489258,4,20,100,128,0.001,0.0,g0
74,56.321895599365234,44.82781219482422,4,20,100,128,0.001,0.0,g0
75,49.98691177368164,44.88164138793945,4,20,100,128,0.001,0.0,g0
76,43.45865249633789,44.71644592285156,4,20,100,128,0.001,0.0,g0
77,44.62150573730469,44.380149841308594,4,20,100,128,0.001,0.0,g0
78,52.80073547363281,44.05545425415039,4,20,100,128,0.001,0.0,g0
79,47.39399719238281,43.818077087402344,4,20,100,128,0.001,0.0,g0
80,40.83232498168945,43.71249771118164,4,20,100,128,0.001,0.0,g0
81,46.95153045654297,43.78427505493164,4,20,100,128,0.001,0.0,g0
82,50.47688674926758,44.02691650390625,4,20,100,128,0.001,0.0,g0
83,37.198814392089844,44.455867767333984,4,20,100,128,0.001,0.0,g0
84,43.31739807128906,45.012298583984375,4,20,100,128,0.001,0.0,g0
85,51.09154510498047,45.576786041259766,4,20,100,128,0.001,0.0,g0
86,40.79497528076172,46.14524459838867,4,20,100,128,0.001,0.0,g0
87,50.9722900390625,46.64796447753906,4,20,100,128,0.001,0.0,g0
88,40.03313064575195,47.09455108642578,4,20,100,128,0.001,0.0,g0
89,47.944759368896484,47.49237823486328,4,20,100,128,0.001,0.0,g0
90,33.26099395751953,47.88093566894531,4,20,100,128,0.001,0.0,g0
91,49.831932067871094,48.07539749145508,4,20,100,128,0.001,0.0,g0
92,35.777549743652344,48.169193267822266,4,20,100,128,0.001,0.0,g0
93,40.077030181884766,48.15155029296875,4,20,100,128,0.001,0.0,g0
94,51.07440948486328,48.01935577392578,4,20,100,128,0.001,0.0,g0
95,36.02416229248047,47.89701461791992,4,20,100,128,0.001,0.0,g0
96,26.104476928710938,47.83327102661133,4,20,100,128,0.001,0.0,g0
97,47.4985466003418,47.70460510253906,4,20,100,128,0.001,0.0,g0
98,40.137821197509766,47.59196090698242,4,20,100,128,0.001,0.0,g0
99,32.88315963745117,47.467735290527344,4,20,100,128,0.001,0.0,g0
0,321.1195068359375,343.31268310546875,5,20,100,128,0.001,0.0,g0
1,288.71502685546875,342.2578125,5,20,100,128,0.001,0.0,g0
2,304.49322509765625,340.7596435546875,5,20,100,128,0.001,0.0,g0
3,287.9362487792969,338.8743896484375,5,20,100,128,0.001,0.0,g0
4,285.2281494140625,336.6496276855469,5,20,100,128,0.001,0.0,g0
5,286.859375,334.11688232421875,5,20,100,128,0.001,0.0,g0
6,274.05120849609375,331.32073974609375,5,20,100,128,0.001,0.0,g0
7,272.884521484375,328.30194091796875,5,20,100,128,0.001,0.0,g0
8,274.592041015625,325.086181640625,5,20,100,128,0.001,0.0,g0
9,276.1404724121094,321.6914978027344,5,20,100,128,0.001,0.0,g0
10,279.19171142578125,318.1536865234375,5,20,100,128,0.001,0.0,g0
11,273.4898681640625,314.4931640625,5,20,100,128,0.001,0.0,g0
12,284.7449951171875,310.7148132324219,5,20,100,128,0.001,0.0,g0
13,297.86920166015625,306.8241271972656,5,20,100,128,0.001,0.0,g0
14,240.59629821777344,302.88616943359375,5,20,100,128,0.001,0.0,g0
15,263.3218688964844,298.89410400390625,5,20,100,128,0.001,0.0,g0
16,278.8338928222656,294.8475646972656,5,20,100,128,0.001,0.0,g0
17,239.59902954101562,290.7861633300781,5,20,100,128,0.001,0.0,g0
18,236.7615509033203,286.71405029296875,5,20,100,128,0.001,0.0,g0
19,236.1434326171875,282.6353454589844,5,20,100,128,0.001,0.0,g0
20,226.27557373046875,278.57012939453125,5,20,100,128,0.001,0.0,g0
21,276.240966796875,274.4762878417969,5,20,100,128,0.001,0.0,g0
22,232.3595733642578,270.40081787109375,5,20,100,128,0.001,0.0,g0
23,215.57516479492188,266.3583679199219,5,20,100,128,0.001,0.0,g0
24,208.81411743164062,262.3453063964844,5,20,100,128,0.001,0.0,g0
25,206.09295654296875,258.36041259765625,5,20,100,128,0.001,0.0,g0
26,224.59716796875,254.388671875,5,20,100,128,0.001,0.0,g0
27,216.91293334960938,250.4369659423828,5,20,100,128,0.001,0.0,g0
28,180.63818359375,246.52957153320312,5,20,100,128,0.001,0.0,g0
29,227.1380157470703,242.63914489746094,5,20,100,128,0.001,0.0,g0
30,210.20913696289062,238.75753784179688,5,20,100,128,0.001,0.0,g0
31,202.75604248046875,234.8893585205078,5,20,100,128,0.001,0.0,g0
32,181.54345703125,231.0396728515625,5,20,100,128,0.001,0.0,g0
33,146.12832641601562,227.2491912841797,5,20,100,128,0.001,0.0,g0
34,209.1820831298828,223.42984008789062,5,20,100,128,0.001,0.0,g0
35,227.91744995117188,219.575927734375,5,20,100,128,0.001,0.0,g0
36,198.5950469970703,215.691162109375,5,20,100,128,0.001,0.0,g0
37,185.41952514648438,211.76763916015625,5,20,100,128,0.001,0.0,g0
38,162.93162536621094,207.82901000976562,5,20,100,128,0.001,0.0,g0
39,157.90277099609375,203.84780883789062,5,20,100,128,0.001,0.0,g0
40,171.26434326171875,199.78411865234375,5,20,100,128,0.001,0.0,g0
41,132.76486206054688,195.6725616455078,5,20,100,128,0.001,0.0,g0
42,180.74978637695312,191.42893981933594,5,20,100,128,0.001,0.0,g0
43,127.02749633789062,187.094970703125,5,20,100,128,0.001,0.0,g0
44,139.01866149902344,182.6204833984375,5,20,100,128,0.001,0.0,g0
45,160.77127075195312,177.93411254882812,5,20,100,128,0.001,0.0,g0
46,149.30250549316406,173.01171875,5,20,100,128,0.001,0.0,g0
47,137.30958557128906,167.84458923339844,5,20,100,128,0.001,0.0,g0
48,131.8296356201172,162.41908264160156,5,20,100,128,0.001,0.0,g0
49,108.09859466552734,156.75262451171875,5,20,100,128,0.001,0.0,g0
50,129.17144775390625,150.7452392578125,5,20,100,128,0.001,0.0,g0
51,126.91658020019531,144.37655639648438,5,20,100,128,0.001,0.0,g0
52,87.85069274902344,137.7783203125,5,20,100,128,0.001,0.0,g0
53,106.94579315185547,130.8252410888672,5,20,100,128,0.001,0.0,g0
54,97.93683624267578,123.58867645263672,5,20,100,128,0.001,0.0,g0
55,112.6077880859375,115.93512725830078,5,20,100,128,0.001,0.0,g0
56,97.85679626464844,107.99909973144531,5,20,100,128,0.001,0.0,g0
57,96.97593688964844,99.8600845336914,5,20,100,128,0.001,0.0,g0
58,85.9223403930664,91.6640396118164,5,20,100,128,0.001,0.0,g0
59,105.52903747558594,83.33026885986328,5,20,100,128,0.001,0.0,g0
60,67.34942626953125,75.34293365478516,5,20,100,128,0.001,0.0,g0
61,50.71936798095703,68.02103424072266,5,20,100,128,0.001,0.0,g0
62,63.466522216796875,61.4126091003418,5,20,100,128,0.001,0.0,g0
63,52.21513366699219,55.787742614746094,5,20,100,128,0.001,0.0,g0
64,38.03898620605469,51.302772521972656,5,20,100,128,0.001,0.0,g0
65,50.8067512512207,47.91543960571289,5,20,100,128,0.001,0.0,g0
66,44.81489181518555,45.58896255493164,5,20,100,128,0.001,0.0,g0
67,45.360103607177734,44.239620208740234,5,20,100,128,0.001,0.0,g0
68,49.193729400634766,43.734737396240234,5,20,100,128,0.001,0.0,g0
69,44.00205993652344,43.82849884033203,5,20,100,128,0.001,0.0,g0
70,43.26984405517578,44.18706512451172,5,20,100,128,0.001,0.0,g0
71,57.30790328979492,44.62932586669922,5,20,100,128,0.001,0.0,g0
72,51.037113189697266,44.964298248291016,5,20,100,128,0.001,0.0,g0
73,51.98247528076172,45.110836029052734,5,20,100,128,0.001,0.0,g0
74,47.2835807800293,45.016639709472656,5,20,100,128,0.001,0.0,g0
75,44.52362060546875,44.6829948425293,5,20,100,128,0.001,0.0,g0
76,42.73090362548828,44.28724670410156,5,20,100,128,0.001,0.0,g0
77,55.532623291015625,43.95466232299805,5,20,100,128,0.001,0.0,g0
78,42.59883117675781,43.743316650390625,5,20,100,128,0.001,0.0,g0
79,46.761558532714844,43.731422424316406,5,20,100,128,0.001,0.0,g0
80,40.421382904052734,43.93815994262695,5,20,100,128,0.001,0.0,g0
81,39.510581970214844,44.39973449707031,5,20,100,128,0.001,0.0,g0
82,40.157691955566406,45.08073043823242,5,20,100,128,0.001,0.0,g0
83,43.489471435546875,45.82683563232422,5,20,100,128,0.001,0.0,g0
84,48.047088623046875,46.61738967895508,5,20,100,128,0.001,0.0,g0
85,47.78667068481445,47.38834762573242,5,20,100,128,0.001,0.0,g0
86,60.49000549316406,48.00251770019531,5,20,100,128,0.001,0.0,g0
87,42.03068542480469,48.59564971923828,5,20,100,128,0.001,0.0,g0
88,40.24061965942383,49.111236572265625,5,20,100,128,0.001,0.0,g0
89,45.75605773925781,49.46111297607422,5,20,100,128,0.001,0.0,g0
90,32.292945861816406,49.69894027709961,5,20,100,128,0.001,0.0,g0
91,37.66991424560547,49.8164176940918,5,20,100,128,0.001,0.0,g0
92,36.61440658569336,49.78643798828125,5,20,100,128,0.001,0.0,g0
93,45.379486083984375,49.66481399536133,5,20,100,128,0.001,0.0,g0
94,39.57334518432617,49.479984283447266,5,20,100,128,0.001,0.0,g0
95,34.13941955566406,49.232852935791016,5,20,100,128,0.001,0.0,g0
96,36.172210693359375,48.86661911010742,5,20,100,128,0.001,0.0,g0
97,38.716041564941406,48.482784271240234,5,20,100,128,0.001,0.0,g0
98,35.46751403808594,48.14115524291992,5,20,100,128,0.001,0.0,g0
99,49.606689453125,47.820556640625,5,20,100,128,0.001,0.0,g0
