,loss_train,loss_test,experiment,depth,width,batch_size,lr,gamma,name,dgd_window
0,302.25006103515625,311.29669189453125,1,3,256,128,0.01,0.0,l3_h256_bs128_lr0.01_g0.0_w1_sgd,1
1,271.19866943359375,306.403564453125,1,3,256,128,0.01,0.0,l3_h256_bs128_lr0.01_g0.0_w1_sgd,1
2,275.2364501953125,301.455810546875,1,3,256,128,0.01,0.0,l3_h256_bs128_lr0.01_g0.0_w1_sgd,1
3,259.5109558105469,296.6529541015625,1,3,256,128,0.01,0.0,l3_h256_bs128_lr0.01_g0.0_w1_sgd,1
4,286.7786865234375,291.74908447265625,1,3,256,128,0.01,0.0,l3_h256_bs128_lr0.01_g0.0_w1_sgd,1
5,259.568603515625,287.1131896972656,1,3,256,128,0.01,0.0,l3_h256_bs128_lr0.01_g0.0_w1_sgd,1
6,222.28555297851562,282.85491943359375,1,3,256,128,0.01,0.0,l3_h256_bs128_lr0.01_g0.0_w1_sgd,1
7,262.509033203125,278.3049011230469,1,3,256,128,0.01,0.0,l3_h256_bs128_lr0.01_g0.0_w1_sgd,1
8,282.76300048828125,273.53228759765625,1,3,256,128,0.01,0.0,l3_h256_bs128_lr0.01_g0.0_w1_sgd,1
9,271.75006103515625,268.9625244140625,1,3,256,128,0.01,0.0,l3_h256_bs128_lr0.01_g0.0_w1_sgd,1
10,250.9766845703125,264.5517272949219,1,3,256,128,0.01,0.0,l3_h256_bs128_lr0.01_g0.0_w1_sgd,1
11,243.202880859375,260.07470703125,1,3,256,128,0.01,0.0,l3_h256_bs128_lr0.01_g0.0_w1_sgd,1
12,223.48336791992188,255.5540313720703,1,3,256,128,0.01,0.0,l3_h256_bs128_lr0.01_g0.0_w1_sgd,1
13,249.17669677734375,250.93487548828125,1,3,256,128,0.01,0.0,l3_h256_bs128_lr0.01_g0.0_w1_sgd,1
14,239.32342529296875,246.03036499023438,1,3,256,128,0.01,0.0,l3_h256_bs128_lr0.01_g0.0_w1_sgd,1
15,223.55726623535156,241.03704833984375,1,3,256,128,0.01,0.0,l3_h256_bs128_lr0.01_g0.0_w1_sgd,1
16,200.62271118164062,235.88197326660156,1,3,256,128,0.01,0.0,l3_h256_bs128_lr0.01_g0.0_w1_sgd,1
17,211.52305603027344,230.12843322753906,1,3,256,128,0.01,0.0,l3_h256_bs128_lr0.01_g0.0_w1_sgd,1
18,214.60202026367188,223.3642578125,1,3,256,128,0.01,0.0,l3_h256_bs128_lr0.01_g0.0_w1_sgd,1
19,201.42355346679688,215.843017578125,1,3,256,128,0.01,0.0,l3_h256_bs128_lr0.01_g0.0_w1_sgd,1
20,191.82257080078125,207.12017822265625,1,3,256,128,0.01,0.0,l3_h256_bs128_lr0.01_g0.0_w1_sgd,1
21,190.80059814453125,196.6958465576172,1,3,256,128,0.01,0.0,l3_h256_bs128_lr0.01_g0.0_w1_sgd,1
22,179.11288452148438,184.64248657226562,1,3,256,128,0.01,0.0,l3_h256_bs128_lr0.01_g0.0_w1_sgd,1
23,171.64724731445312,170.2833251953125,1,3,256,128,0.01,0.0,l3_h256_bs128_lr0.01_g0.0_w1_sgd,1
24,147.68011474609375,153.98263549804688,1,3,256,128,0.01,0.0,l3_h256_bs128_lr0.01_g0.0_w1_sgd,1
25,93.83245849609375,138.49942016601562,1,3,256,128,0.01,0.0,l3_h256_bs128_lr0.01_g0.0_w1_sgd,1
26,139.96475219726562,118.53561401367188,1,3,256,128,0.01,0.0,l3_h256_bs128_lr0.01_g0.0_w1_sgd,1
27,120.41249084472656,98.6494369506836,1,3,256,128,0.01,0.0,l3_h256_bs128_lr0.01_g0.0_w1_sgd,1
28,81.3647689819336,82.90899658203125,1,3,256,128,0.01,0.0,l3_h256_bs128_lr0.01_g0.0_w1_sgd,1
29,90.15556335449219,66.6020736694336,1,3,256,128,0.01,0.0,l3_h256_bs128_lr0.01_g0.0_w1_sgd,1
30,39.56232452392578,59.3146858215332,1,3,256,128,0.01,0.0,l3_h256_bs128_lr0.01_g0.0_w1_sgd,1
31,55.86116409301758,53.30179977416992,1,3,256,128,0.01,0.0,l3_h256_bs128_lr0.01_g0.0_w1_sgd,1
32,33.98040008544922,50.5769157409668,1,3,256,128,0.01,0.0,l3_h256_bs128_lr0.01_g0.0_w1_sgd,1
33,45.69289779663086,48.41080093383789,1,3,256,128,0.01,0.0,l3_h256_bs128_lr0.01_g0.0_w1_sgd,1
34,34.454620361328125,47.005489349365234,1,3,256,128,0.01,0.0,l3_h256_bs128_lr0.01_g0.0_w1_sgd,1
35,35.56865692138672,45.95038604736328,1,3,256,128,0.01,0.0,l3_h256_bs128_lr0.01_g0.0_w1_sgd,1
36,36.05304718017578,43.00422286987305,1,3,256,128,0.01,0.0,l3_h256_bs128_lr0.01_g0.0_w1_sgd,1
37,41.82476806640625,38.19451141357422,1,3,256,128,0.01,0.0,l3_h256_bs128_lr0.01_g0.0_w1_sgd,1
38,36.72850036621094,35.444183349609375,1,3,256,128,0.01,0.0,l3_h256_bs128_lr0.01_g0.0_w1_sgd,1
39,31.514556884765625,29.821733474731445,1,3,256,128,0.01,0.0,l3_h256_bs128_lr0.01_g0.0_w1_sgd,1
40,27.670658111572266,24.5362606048584,1,3,256,128,0.01,0.0,l3_h256_bs128_lr0.01_g0.0_w1_sgd,1
41,22.837739944458008,19.037504196166992,1,3,256,128,0.01,0.0,l3_h256_bs128_lr0.01_g0.0_w1_sgd,1
42,13.881538391113281,18.691661834716797,1,3,256,128,0.01,0.0,l3_h256_bs128_lr0.01_g0.0_w1_sgd,1
43,22.958044052124023,12.557424545288086,1,3,256,128,0.01,0.0,l3_h256_bs128_lr0.01_g0.0_w1_sgd,1
44,15.761470794677734,15.944226264953613,1,3,256,128,0.01,0.0,l3_h256_bs128_lr0.01_g0.0_w1_sgd,1
45,19.938188552856445,10.912060737609863,1,3,256,128,0.01,0.0,l3_h256_bs128_lr0.01_g0.0_w1_sgd,1
46,16.505661010742188,9.896713256835938,1,3,256,128,0.01,0.0,l3_h256_bs128_lr0.01_g0.0_w1_sgd,1
47,8.029951095581055,12.382013320922852,1,3,256,128,0.01,0.0,l3_h256_bs128_lr0.01_g0.0_w1_sgd,1
48,14.710916519165039,9.004864692687988,1,3,256,128,0.01,0.0,l3_h256_bs128_lr0.01_g0.0_w1_sgd,1
49,8.693929672241211,8.947822570800781,1,3,256,128,0.01,0.0,l3_h256_bs128_lr0.01_g0.0_w1_sgd,1
50,11.195993423461914,8.563316345214844,1,3,256,128,0.01,0.0,l3_h256_bs128_lr0.01_g0.0_w1_sgd,1
51,16.3969783782959,14.245195388793945,1,3,256,128,0.01,0.0,l3_h256_bs128_lr0.01_g0.0_w1_sgd,1
52,14.045312881469727,9.544678688049316,1,3,256,128,0.01,0.0,l3_h256_bs128_lr0.01_g0.0_w1_sgd,1
53,9.346456527709961,14.621970176696777,1,3,256,128,0.01,0.0,l3_h256_bs128_lr0.01_g0.0_w1_sgd,1
54,11.369647979736328,9.656658172607422,1,3,256,128,0.01,0.0,l3_h256_bs128_lr0.01_g0.0_w1_sgd,1
55,14.05441665649414,29.35733413696289,1,3,256,128,0.01,0.0,l3_h256_bs128_lr0.01_g0.0_w1_sgd,1
56,15.787235260009766,9.287087440490723,1,3,256,128,0.01,0.0,l3_h256_bs128_lr0.01_g0.0_w1_sgd,1
57,6.76378059387207,8.213027954101562,1,3,256,128,0.01,0.0,l3_h256_bs128_lr0.01_g0.0_w1_sgd,1
58,6.609225273132324,9.964734077453613,1,3,256,128,0.01,0.0,l3_h256_bs128_lr0.01_g0.0_w1_sgd,1
59,17.187545776367188,10.775211334228516,1,3,256,128,0.01,0.0,l3_h256_bs128_lr0.01_g0.0_w1_sgd,1
60,12.365293502807617,9.24257755279541,1,3,256,128,0.01,0.0,l3_h256_bs128_lr0.01_g0.0_w1_sgd,1
61,11.17796516418457,8.2824125289917,1,3,256,128,0.01,0.0,l3_h256_bs128_lr0.01_g0.0_w1_sgd,1
62,7.320840835571289,9.74728012084961,1,3,256,128,0.01,0.0,l3_h256_bs128_lr0.01_g0.0_w1_sgd,1
63,9.59811782836914,7.867035388946533,1,3,256,128,0.01,0.0,l3_h256_bs128_lr0.01_g0.0_w1_sgd,1
64,8.995759010314941,11.78713321685791,1,3,256,128,0.01,0.0,l3_h256_bs128_lr0.01_g0.0_w1_sgd,1
65,7.097154140472412,9.50113296508789,1,3,256,128,0.01,0.0,l3_h256_bs128_lr0.01_g0.0_w1_sgd,1
66,11.949514389038086,17.449663162231445,1,3,256,128,0.01,0.0,l3_h256_bs128_lr0.01_g0.0_w1_sgd,1
67,15.629619598388672,7.811661243438721,1,3,256,128,0.01,0.0,l3_h256_bs128_lr0.01_g0.0_w1_sgd,1
68,11.747136116027832,8.136194229125977,1,3,256,128,0.01,0.0,l3_h256_bs128_lr0.01_g0.0_w1_sgd,1
69,13.29599380493164,10.072041511535645,1,3,256,128,0.01,0.0,l3_h256_bs128_lr0.01_g0.0_w1_sgd,1
70,11.776220321655273,9.027261734008789,1,3,256,128,0.01,0.0,l3_h256_bs128_lr0.01_g0.0_w1_sgd,1
71,11.345105171203613,9.379474639892578,1,3,256,128,0.01,0.0,l3_h256_bs128_lr0.01_g0.0_w1_sgd,1
72,10.925139427185059,8.299487113952637,1,3,256,128,0.01,0.0,l3_h256_bs128_lr0.01_g0.0_w1_sgd,1
73,8.804064750671387,8.843353271484375,1,3,256,128,0.01,0.0,l3_h256_bs128_lr0.01_g0.0_w1_sgd,1
74,10.380209922790527,9.067877769470215,1,3,256,128,0.01,0.0,l3_h256_bs128_lr0.01_g0.0_w1_sgd,1
0,307.00225830078125,311.18988037109375,2,3,256,128,0.01,0.0,l3_h256_bs128_lr0.01_g0.0_w1_sgd,1
1,299.5501403808594,306.044677734375,2,3,256,128,0.01,0.0,l3_h256_bs128_lr0.01_g0.0_w1_sgd,1
2,294.1070556640625,300.9711608886719,2,3,256,128,0.01,0.0,l3_h256_bs128_lr0.01_g0.0_w1_sgd,1
3,283.70440673828125,296.0732116699219,2,3,256,128,0.01,0.0,l3_h256_bs128_lr0.01_g0.0_w1_sgd,1
4,255.4049835205078,291.4759521484375,2,3,256,128,0.01,0.0,l3_h256_bs128_lr0.01_g0.0_w1_sgd,1
5,250.2046356201172,286.977783203125,2,3,256,128,0.01,0.0,l3_h256_bs128_lr0.01_g0.0_w1_sgd,1
6,235.3074951171875,282.59326171875,2,3,256,128,0.01,0.0,l3_h256_bs128_lr0.01_g0.0_w1_sgd,1
7,294.75811767578125,277.6842956542969,2,3,256,128,0.01,0.0,l3_h256_bs128_lr0.01_g0.0_w1_sgd,1
8,271.10107421875,273.0787353515625,2,3,256,128,0.01,0.0,l3_h256_bs128_lr0.01_g0.0_w1_sgd,1
9,234.21310424804688,268.76324462890625,2,3,256,128,0.01,0.0,l3_h256_bs128_lr0.01_g0.0_w1_sgd,1
10,267.9729309082031,264.1171875,2,3,256,128,0.01,0.0,l3_h256_bs128_lr0.01_g0.0_w1_sgd,1
11,261.6732177734375,259.4898986816406,2,3,256,128,0.01,0.0,l3_h256_bs128_lr0.01_g0.0_w1_sgd,1
12,195.57723999023438,255.32142639160156,2,3,256,128,0.01,0.0,l3_h256_bs128_lr0.01_g0.0_w1_sgd,1
13,235.3359832763672,250.75270080566406,2,3,256,128,0.01,0.0,l3_h256_bs128_lr0.01_g0.0_w1_sgd,1
14,216.63963317871094,246.1680908203125,2,3,256,128,0.01,0.0,l3_h256_bs128_lr0.01_g0.0_w1_sgd,1
15,212.9492950439453,241.3773193359375,2,3,256,128,0.01,0.0,l3_h256_bs128_lr0.01_g0.0_w1_sgd,1
16,206.3791046142578,236.39053344726562,2,3,256,128,0.01,0.0,l3_h256_bs128_lr0.01_g0.0_w1_sgd,1
17,234.92041015625,230.4668426513672,2,3,256,128,0.01,0.0,l3_h256_bs128_lr0.01_g0.0_w1_sgd,1
18,214.81747436523438,224.18614196777344,2,3,256,128,0.01,0.0,l3_h256_bs128_lr0.01_g0.0_w1_sgd,1
19,189.45620727539062,217.1487274169922,2,3,256,128,0.01,0.0,l3_h256_bs128_lr0.01_g0.0_w1_sgd,1
20,194.1962432861328,208.80357360839844,2,3,256,128,0.01,0.0,l3_h256_bs128_lr0.01_g0.0_w1_sgd,1
21,206.01971435546875,198.52630615234375,2,3,256,128,0.01,0.0,l3_h256_bs128_lr0.01_g0.0_w1_sgd,1
22,200.7789306640625,186.32728576660156,2,3,256,128,0.01,0.0,l3_h256_bs128_lr0.01_g0.0_w1_sgd,1
23,175.5751953125,172.3294219970703,2,3,256,128,0.01,0.0,l3_h256_bs128_lr0.01_g0.0_w1_sgd,1
24,177.10450744628906,156.1383514404297,2,3,256,128,0.01,0.0,l3_h256_bs128_lr0.01_g0.0_w1_sgd,1
25,134.0615234375,139.72732543945312,2,3,256,128,0.01,0.0,l3_h256_bs128_lr0.01_g0.0_w1_sgd,1
26,143.49453735351562,119.22483825683594,2,3,256,128,0.01,0.0,l3_h256_bs128_lr0.01_g0.0_w1_sgd,1
27,80.60151672363281,103.48249816894531,2,3,256,128,0.01,0.0,l3_h256_bs128_lr0.01_g0.0_w1_sgd,1
28,125.61004638671875,83.43531799316406,2,3,256,128,0.01,0.0,l3_h256_bs128_lr0.01_g0.0_w1_sgd,1
29,85.64692687988281,67.65770721435547,2,3,256,128,0.01,0.0,l3_h256_bs128_lr0.01_g0.0_w1_sgd,1
30,63.51244354248047,58.380958557128906,2,3,256,128,0.01,0.0,l3_h256_bs128_lr0.01_g0.0_w1_sgd,1
31,41.309417724609375,53.817626953125,2,3,256,128,0.01,0.0,l3_h256_bs128_lr0.01_g0.0_w1_sgd,1
32,40.365013122558594,50.94109344482422,2,3,256,128,0.01,0.0,l3_h256_bs128_lr0.01_g0.0_w1_sgd,1
33,30.83242416381836,50.37800598144531,2,3,256,128,0.01,0.0,l3_h256_bs128_lr0.01_g0.0_w1_sgd,1
34,51.7074089050293,48.639434814453125,2,3,256,128,0.01,0.0,l3_h256_bs128_lr0.01_g0.0_w1_sgd,1
35,31.262422561645508,47.434120178222656,2,3,256,128,0.01,0.0,l3_h256_bs128_lr0.01_g0.0_w1_sgd,1
36,29.07406997680664,46.2763786315918,2,3,256,128,0.01,0.0,l3_h256_bs128_lr0.01_g0.0_w1_sgd,1
37,41.159889221191406,43.82124710083008,2,3,256,128,0.01,0.0,l3_h256_bs128_lr0.01_g0.0_w1_sgd,1
38,46.93280792236328,39.91253662109375,2,3,256,128,0.01,0.0,l3_h256_bs128_lr0.01_g0.0_w1_sgd,1
39,29.30055809020996,38.10191345214844,2,3,256,128,0.01,0.0,l3_h256_bs128_lr0.01_g0.0_w1_sgd,1
40,32.074066162109375,32.290340423583984,2,3,256,128,0.01,0.0,l3_h256_bs128_lr0.01_g0.0_w1_sgd,1
41,25.629148483276367,25.172609329223633,2,3,256,128,0.01,0.0,l3_h256_bs128_lr0.01_g0.0_w1_sgd,1
42,20.462682723999023,23.220502853393555,2,3,256,128,0.01,0.0,l3_h256_bs128_lr0.01_g0.0_w1_sgd,1
43,16.509990692138672,20.815444946289062,2,3,256,128,0.01,0.0,l3_h256_bs128_lr0.01_g0.0_w1_sgd,1
44,18.33363151550293,16.02206039428711,2,3,256,128,0.01,0.0,l3_h256_bs128_lr0.01_g0.0_w1_sgd,1
45,19.004623413085938,12.338086128234863,2,3,256,128,0.01,0.0,l3_h256_bs128_lr0.01_g0.0_w1_sgd,1
46,19.586170196533203,10.93830680847168,2,3,256,128,0.01,0.0,l3_h256_bs128_lr0.01_g0.0_w1_sgd,1
47,11.567328453063965,10.469016075134277,2,3,256,128,0.01,0.0,l3_h256_bs128_lr0.01_g0.0_w1_sgd,1
48,17.70217514038086,12.836308479309082,2,3,256,128,0.01,0.0,l3_h256_bs128_lr0.01_g0.0_w1_sgd,1
49,21.13571548461914,11.998632431030273,2,3,256,128,0.01,0.0,l3_h256_bs128_lr0.01_g0.0_w1_sgd,1
50,19.018991470336914,15.824735641479492,2,3,256,128,0.01,0.0,l3_h256_bs128_lr0.01_g0.0_w1_sgd,1
51,17.172908782958984,9.9970064163208,2,3,256,128,0.01,0.0,l3_h256_bs128_lr0.01_g0.0_w1_sgd,1
52,22.479263305664062,28.42603302001953,2,3,256,128,0.01,0.0,l3_h256_bs128_lr0.01_g0.0_w1_sgd,1
53,26.361736297607422,9.366669654846191,2,3,256,128,0.01,0.0,l3_h256_bs128_lr0.01_g0.0_w1_sgd,1
54,9.771312713623047,8.610299110412598,2,3,256,128,0.01,0.0,l3_h256_bs128_lr0.01_g0.0_w1_sgd,1
55,12.450702667236328,8.896771430969238,2,3,256,128,0.01,0.0,l3_h256_bs128_lr0.01_g0.0_w1_sgd,1
56,10.071748733520508,8.788997650146484,2,3,256,128,0.01,0.0,l3_h256_bs128_lr0.01_g0.0_w1_sgd,1
57,15.960859298706055,8.20094108581543,2,3,256,128,0.01,0.0,l3_h256_bs128_lr0.01_g0.0_w1_sgd,1
58,18.277301788330078,11.487594604492188,2,3,256,128,0.01,0.0,l3_h256_bs128_lr0.01_g0.0_w1_sgd,1
59,12.635496139526367,8.450626373291016,2,3,256,128,0.01,0.0,l3_h256_bs128_lr0.01_g0.0_w1_sgd,1
60,7.211057662963867,8.6362886428833,2,3,256,128,0.01,0.0,l3_h256_bs128_lr0.01_g0.0_w1_sgd,1
61,8.855436325073242,9.913540840148926,2,3,256,128,0.01,0.0,l3_h256_bs128_lr0.01_g0.0_w1_sgd,1
62,7.455009460449219,8.039806365966797,2,3,256,128,0.01,0.0,l3_h256_bs128_lr0.01_g0.0_w1_sgd,1
63,10.089910507202148,9.410039901733398,2,3,256,128,0.01,0.0,l3_h256_bs128_lr0.01_g0.0_w1_sgd,1
64,9.490486145019531,7.77937126159668,2,3,256,128,0.01,0.0,l3_h256_bs128_lr0.01_g0.0_w1_sgd,1
65,10.95075798034668,10.5239896774292,2,3,256,128,0.01,0.0,l3_h256_bs128_lr0.01_g0.0_w1_sgd,1
66,10.14163589477539,7.835387706756592,2,3,256,128,0.01,0.0,l3_h256_bs128_lr0.01_g0.0_w1_sgd,1
67,13.40962028503418,13.942349433898926,2,3,256,128,0.01,0.0,l3_h256_bs128_lr0.01_g0.0_w1_sgd,1
68,13.504903793334961,11.565804481506348,2,3,256,128,0.01,0.0,l3_h256_bs128_lr0.01_g0.0_w1_sgd,1
69,12.028206825256348,28.420177459716797,2,3,256,128,0.01,0.0,l3_h256_bs128_lr0.01_g0.0_w1_sgd,1
70,28.91549301147461,10.220654487609863,2,3,256,128,0.01,0.0,l3_h256_bs128_lr0.01_g0.0_w1_sgd,1
71,14.962711334228516,21.67595672607422,2,3,256,128,0.01,0.0,l3_h256_bs128_lr0.01_g0.0_w1_sgd,1
72,17.64982795715332,9.675382614135742,2,3,256,128,0.01,0.0,l3_h256_bs128_lr0.01_g0.0_w1_sgd,1
73,21.18985939025879,16.861574172973633,2,3,256,128,0.01,0.0,l3_h256_bs128_lr0.01_g0.0_w1_sgd,1
74,13.17494010925293,9.071612358093262,2,3,256,128,0.01,0.0,l3_h256_bs128_lr0.01_g0.0_w1_sgd,1
0,316.49932861328125,311.16265869140625,3,3,256,128,0.01,0.0,l3_h256_bs128_lr0.01_g0.0_w1_sgd,1
1,332.01800537109375,305.72943115234375,3,3,256,128,0.01,0.0,l3_h256_bs128_lr0.01_g0.0_w1_sgd,1
2,258.4159851074219,300.983642578125,3,3,256,128,0.01,0.0,l3_h256_bs128_lr0.01_g0.0_w1_sgd,1
3,256.69696044921875,296.2593688964844,3,3,256,128,0.01,0.0,l3_h256_bs128_lr0.01_g0.0_w1_sgd,1
4,293.8282470703125,291.2657775878906,3,3,256,128,0.01,0.0,l3_h256_bs128_lr0.01_g0.0_w1_sgd,1
5,302.9666748046875,286.28790283203125,3,3,256,128,0.01,0.0,l3_h256_bs128_lr0.01_g0.0_w1_sgd,1
6,236.2477569580078,281.8838806152344,3,3,256,128,0.01,0.0,l3_h256_bs128_lr0.01_g0.0_w1_sgd,1
7,252.237548828125,277.34503173828125,3,3,256,128,0.01,0.0,l3_h256_bs128_lr0.01_g0.0_w1_sgd,1
8,218.9024658203125,273.07562255859375,3,3,256,128,0.01,0.0,l3_h256_bs128_lr0.01_g0.0_w1_sgd,1
9,237.9949951171875,268.7142333984375,3,3,256,128,0.01,0.0,l3_h256_bs128_lr0.01_g0.0_w1_sgd,1
10,231.8086395263672,264.3944396972656,3,3,256,128,0.01,0.0,l3_h256_bs128_lr0.01_g0.0_w1_sgd,1
11,261.11474609375,259.7110290527344,3,3,256,128,0.01,0.0,l3_h256_bs128_lr0.01_g0.0_w1_sgd,1
12,276.91986083984375,254.69851684570312,3,3,256,128,0.01,0.0,l3_h256_bs128_lr0.01_g0.0_w1_sgd,1
13,215.95553588867188,250.0868682861328,3,3,256,128,0.01,0.0,l3_h256_bs128_lr0.01_g0.0_w1_sgd,1
14,230.54412841796875,245.0286407470703,3,3,256,128,0.01,0.0,l3_h256_bs128_lr0.01_g0.0_w1_sgd,1
15,235.22576904296875,239.58917236328125,3,3,256,128,0.01,0.0,l3_h256_bs128_lr0.01_g0.0_w1_sgd,1
16,199.97146606445312,234.00030517578125,3,3,256,128,0.01,0.0,l3_h256_bs128_lr0.01_g0.0_w1_sgd,1
17,238.26766967773438,227.3005828857422,3,3,256,128,0.01,0.0,l3_h256_bs128_lr0.01_g0.0_w1_sgd,1
18,205.32220458984375,219.96641540527344,3,3,256,128,0.01,0.0,l3_h256_bs128_lr0.01_g0.0_w1_sgd,1
19,211.0702362060547,211.06019592285156,3,3,256,128,0.01,0.0,l3_h256_bs128_lr0.01_g0.0_w1_sgd,1
20,183.79742431640625,201.3467254638672,3,3,256,128,0.01,0.0,l3_h256_bs128_lr0.01_g0.0_w1_sgd,1
21,197.72174072265625,189.0368194580078,3,3,256,128,0.01,0.0,l3_h256_bs128_lr0.01_g0.0_w1_sgd,1
22,173.64862060546875,174.86611938476562,3,3,256,128,0.01,0.0,l3_h256_bs128_lr0.01_g0.0_w1_sgd,1
23,160.919677734375,159.1364288330078,3,3,256,128,0.01,0.0,l3_h256_bs128_lr0.01_g0.0_w1_sgd,1
24,164.1163330078125,139.3303985595703,3,3,256,128,0.01,0.0,l3_h256_bs128_lr0.01_g0.0_w1_sgd,1
25,127.283935546875,120.24296569824219,3,3,256,128,0.01,0.0,l3_h256_bs128_lr0.01_g0.0_w1_sgd,1
26,117.74713134765625,100.4469223022461,3,3,256,128,0.01,0.0,l3_h256_bs128_lr0.01_g0.0_w1_sgd,1
27,78.45968627929688,84.39830017089844,3,3,256,128,0.01,0.0,l3_h256_bs128_lr0.01_g0.0_w1_sgd,1
28,80.85781860351562,69.60225677490234,3,3,256,128,0.01,0.0,l3_h256_bs128_lr0.01_g0.0_w1_sgd,1
29,56.19171142578125,58.56845474243164,3,3,256,128,0.01,0.0,l3_h256_bs128_lr0.01_g0.0_w1_sgd,1
30,34.086944580078125,54.57325744628906,3,3,256,128,0.01,0.0,l3_h256_bs128_lr0.01_g0.0_w1_sgd,1
31,31.493896484375,52.181732177734375,3,3,256,128,0.01,0.0,l3_h256_bs128_lr0.01_g0.0_w1_sgd,1
32,31.800819396972656,50.406402587890625,3,3,256,128,0.01,0.0,l3_h256_bs128_lr0.01_g0.0_w1_sgd,1
33,38.57659912109375,48.527774810791016,3,3,256,128,0.01,0.0,l3_h256_bs128_lr0.01_g0.0_w1_sgd,1
34,42.60240173339844,46.69075012207031,3,3,256,128,0.01,0.0,l3_h256_bs128_lr0.01_g0.0_w1_sgd,1
35,43.564510345458984,44.442996978759766,3,3,256,128,0.01,0.0,l3_h256_bs128_lr0.01_g0.0_w1_sgd,1
36,28.04299545288086,43.98829650878906,3,3,256,128,0.01,0.0,l3_h256_bs128_lr0.01_g0.0_w1_sgd,1
37,42.01142501831055,38.14507293701172,3,3,256,128,0.01,0.0,l3_h256_bs128_lr0.01_g0.0_w1_sgd,1
38,33.81990051269531,34.14125061035156,3,3,256,128,0.01,0.0,l3_h256_bs128_lr0.01_g0.0_w1_sgd,1
39,26.437204360961914,27.621213912963867,3,3,256,128,0.01,0.0,l3_h256_bs128_lr0.01_g0.0_w1_sgd,1
40,36.76045608520508,20.514570236206055,3,3,256,128,0.01,0.0,l3_h256_bs128_lr0.01_g0.0_w1_sgd,1
41,27.579498291015625,15.546150207519531,3,3,256,128,0.01,0.0,l3_h256_bs128_lr0.01_g0.0_w1_sgd,1
42,15.467596054077148,14.935794830322266,3,3,256,128,0.01,0.0,l3_h256_bs128_lr0.01_g0.0_w1_sgd,1
43,14.067255020141602,13.324339866638184,3,3,256,128,0.01,0.0,l3_h256_bs128_lr0.01_g0.0_w1_sgd,1
44,11.551065444946289,11.864465713500977,3,3,256,128,0.01,0.0,l3_h256_bs128_lr0.01_g0.0_w1_sgd,1
45,10.939172744750977,9.95724105834961,3,3,256,128,0.01,0.0,l3_h256_bs128_lr0.01_g0.0_w1_sgd,1
46,13.174408912658691,12.175371170043945,3,3,256,128,0.01,0.0,l3_h256_bs128_lr0.01_g0.0_w1_sgd,1
47,12.1328763961792,9.869307518005371,3,3,256,128,0.01,0.0,l3_h256_bs128_lr0.01_g0.0_w1_sgd,1
48,13.600807189941406,8.744176864624023,3,3,256,128,0.01,0.0,l3_h256_bs128_lr0.01_g0.0_w1_sgd,1
49,8.953439712524414,9.402926445007324,3,3,256,128,0.01,0.0,l3_h256_bs128_lr0.01_g0.0_w1_sgd,1
50,16.40555763244629,8.159276962280273,3,3,256,128,0.01,0.0,l3_h256_bs128_lr0.01_g0.0_w1_sgd,1
51,6.509939193725586,11.828744888305664,3,3,256,128,0.01,0.0,l3_h256_bs128_lr0.01_g0.0_w1_sgd,1
52,12.584220886230469,9.565484046936035,3,3,256,128,0.01,0.0,l3_h256_bs128_lr0.01_g0.0_w1_sgd,1
53,6.10923433303833,7.997788429260254,3,3,256,128,0.01,0.0,l3_h256_bs128_lr0.01_g0.0_w1_sgd,1
54,6.823754787445068,10.546836853027344,3,3,256,128,0.01,0.0,l3_h256_bs128_lr0.01_g0.0_w1_sgd,1
55,12.292251586914062,9.516522407531738,3,3,256,128,0.01,0.0,l3_h256_bs128_lr0.01_g0.0_w1_sgd,1
56,18.07318687438965,21.403011322021484,3,3,256,128,0.01,0.0,l3_h256_bs128_lr0.01_g0.0_w1_sgd,1
57,19.248397827148438,10.905804634094238,3,3,256,128,0.01,0.0,l3_h256_bs128_lr0.01_g0.0_w1_sgd,1
58,27.877595901489258,40.19916915893555,3,3,256,128,0.01,0.0,l3_h256_bs128_lr0.01_g0.0_w1_sgd,1
59,41.27410888671875,10.271344184875488,3,3,256,128,0.01,0.0,l3_h256_bs128_lr0.01_g0.0_w1_sgd,1
60,13.025167465209961,8.755776405334473,3,3,256,128,0.01,0.0,l3_h256_bs128_lr0.01_g0.0_w1_sgd,1
61,14.97620677947998,11.82792854309082,3,3,256,128,0.01,0.0,l3_h256_bs128_lr0.01_g0.0_w1_sgd,1
62,9.076069831848145,8.934349060058594,3,3,256,128,0.01,0.0,l3_h256_bs128_lr0.01_g0.0_w1_sgd,1
63,9.337715148925781,13.428064346313477,3,3,256,128,0.01,0.0,l3_h256_bs128_lr0.01_g0.0_w1_sgd,1
64,14.01745319366455,8.292731285095215,3,3,256,128,0.01,0.0,l3_h256_bs128_lr0.01_g0.0_w1_sgd,1
65,13.830719947814941,14.590327262878418,3,3,256,128,0.01,0.0,l3_h256_bs128_lr0.01_g0.0_w1_sgd,1
66,15.94322395324707,15.74429702758789,3,3,256,128,0.01,0.0,l3_h256_bs128_lr0.01_g0.0_w1_sgd,1
67,16.6875057220459,43.24858856201172,3,3,256,128,0.01,0.0,l3_h256_bs128_lr0.01_g0.0_w1_sgd,1
68,33.04791259765625,11.166617393493652,3,3,256,128,0.01,0.0,l3_h256_bs128_lr0.01_g0.0_w1_sgd,1
69,6.872196197509766,8.321996688842773,3,3,256,128,0.01,0.0,l3_h256_bs128_lr0.01_g0.0_w1_sgd,1
70,10.394542694091797,8.384392738342285,3,3,256,128,0.01,0.0,l3_h256_bs128_lr0.01_g0.0_w1_sgd,1
71,7.2067108154296875,9.44388484954834,3,3,256,128,0.01,0.0,l3_h256_bs128_lr0.01_g0.0_w1_sgd,1
72,10.19109058380127,9.1284761428833,3,3,256,128,0.01,0.0,l3_h256_bs128_lr0.01_g0.0_w1_sgd,1
73,17.726842880249023,17.016496658325195,3,3,256,128,0.01,0.0,l3_h256_bs128_lr0.01_g0.0_w1_sgd,1
74,8.069473266601562,8.731450080871582,3,3,256,128,0.01,0.0,l3_h256_bs128_lr0.01_g0.0_w1_sgd,1
0,278.6166687011719,311.53753662109375,4,3,256,128,0.01,0.0,l3_h256_bs128_lr0.01_g0.0_w1_sgd,1
1,283.8760986328125,306.5114440917969,4,3,256,128,0.01,0.0,l3_h256_bs128_lr0.01_g0.0_w1_sgd,1
2,275.365234375,301.537841796875,4,3,256,128,0.01,0.0,l3_h256_bs128_lr0.01_g0.0_w1_sgd,1
3,298.22711181640625,296.5311279296875,4,3,256,128,0.01,0.0,l3_h256_bs128_lr0.01_g0.0_w1_sgd,1
4,258.16949462890625,291.9421691894531,4,3,256,128,0.01,0.0,l3_h256_bs128_lr0.01_g0.0_w1_sgd,1
5,296.5262756347656,287.05615234375,4,3,256,128,0.01,0.0,l3_h256_bs128_lr0.01_g0.0_w1_sgd,1
6,276.528076171875,282.30902099609375,4,3,256,128,0.01,0.0,l3_h256_bs128_lr0.01_g0.0_w1_sgd,1
7,258.98870849609375,277.69879150390625,4,3,256,128,0.01,0.0,l3_h256_bs128_lr0.01_g0.0_w1_sgd,1
8,212.52195739746094,273.5496826171875,4,3,256,128,0.01,0.0,l3_h256_bs128_lr0.01_g0.0_w1_sgd,1
9,241.35867309570312,269.1824951171875,4,3,256,128,0.01,0.0,l3_h256_bs128_lr0.01_g0.0_w1_sgd,1
10,240.03070068359375,264.8199462890625,4,3,256,128,0.01,0.0,l3_h256_bs128_lr0.01_g0.0_w1_sgd,1
11,226.33741760253906,260.5294189453125,4,3,256,128,0.01,0.0,l3_h256_bs128_lr0.01_g0.0_w1_sgd,1
12,219.50828552246094,256.2736511230469,4,3,256,128,0.01,0.0,l3_h256_bs128_lr0.01_g0.0_w1_sgd,1
13,221.84152221679688,251.90850830078125,4,3,256,128,0.01,0.0,l3_h256_bs128_lr0.01_g0.0_w1_sgd,1
14,269.938720703125,246.99249267578125,4,3,256,128,0.01,0.0,l3_h256_bs128_lr0.01_g0.0_w1_sgd,1
15,231.4477996826172,242.1725616455078,4,3,256,128,0.01,0.0,l3_h256_bs128_lr0.01_g0.0_w1_sgd,1
16,213.9145965576172,237.19651794433594,4,3,256,128,0.01,0.0,l3_h256_bs128_lr0.01_g0.0_w1_sgd,1
17,202.82179260253906,231.91580200195312,4,3,256,128,0.01,0.0,l3_h256_bs128_lr0.01_g0.0_w1_sgd,1
18,199.37057495117188,226.02096557617188,4,3,256,128,0.01,0.0,l3_h256_bs128_lr0.01_g0.0_w1_sgd,1
19,194.46246337890625,219.43667602539062,4,3,256,128,0.01,0.0,l3_h256_bs128_lr0.01_g0.0_w1_sgd,1
20,185.8158721923828,211.95176696777344,4,3,256,128,0.01,0.0,l3_h256_bs128_lr0.01_g0.0_w1_sgd,1
21,202.8857421875,202.4984130859375,4,3,256,128,0.01,0.0,l3_h256_bs128_lr0.01_g0.0_w1_sgd,1
22,179.20919799804688,191.9440460205078,4,3,256,128,0.01,0.0,l3_h256_bs128_lr0.01_g0.0_w1_sgd,1
23,144.48886108398438,180.47979736328125,4,3,256,128,0.01,0.0,l3_h256_bs128_lr0.01_g0.0_w1_sgd,1
24,136.24920654296875,167.28260803222656,4,3,256,128,0.01,0.0,l3_h256_bs128_lr0.01_g0.0_w1_sgd,1
25,119.2880630493164,153.1354217529297,4,3,256,128,0.01,0.0,l3_h256_bs128_lr0.01_g0.0_w1_sgd,1
26,140.04058837890625,136.23204040527344,4,3,256,128,0.01,0.0,l3_h256_bs128_lr0.01_g0.0_w1_sgd,1
27,115.63748931884766,118.15406799316406,4,3,256,128,0.01,0.0,l3_h256_bs128_lr0.01_g0.0_w1_sgd,1
28,115.56913757324219,98.96693420410156,4,3,256,128,0.01,0.0,l3_h256_bs128_lr0.01_g0.0_w1_sgd,1
29,81.36705780029297,82.61111450195312,4,3,256,128,0.01,0.0,l3_h256_bs128_lr0.01_g0.0_w1_sgd,1
30,72.09554290771484,69.01209259033203,4,3,256,128,0.01,0.0,l3_h256_bs128_lr0.01_g0.0_w1_sgd,1
31,46.71302032470703,60.62006759643555,4,3,256,128,0.01,0.0,l3_h256_bs128_lr0.01_g0.0_w1_sgd,1
32,51.412933349609375,55.554588317871094,4,3,256,128,0.01,0.0,l3_h256_bs128_lr0.01_g0.0_w1_sgd,1
33,52.417335510253906,50.65456008911133,4,3,256,128,0.01,0.0,l3_h256_bs128_lr0.01_g0.0_w1_sgd,1
34,43.10462188720703,49.19253921508789,4,3,256,128,0.01,0.0,l3_h256_bs128_lr0.01_g0.0_w1_sgd,1
35,47.960845947265625,47.519248962402344,4,3,256,128,0.01,0.0,l3_h256_bs128_lr0.01_g0.0_w1_sgd,1
36,42.06230926513672,46.070552825927734,4,3,256,128,0.01,0.0,l3_h256_bs128_lr0.01_g0.0_w1_sgd,1
37,38.402565002441406,43.534786224365234,4,3,256,128,0.01,0.0,l3_h256_bs128_lr0.01_g0.0_w1_sgd,1
38,36.72864532470703,39.89080810546875,4,3,256,128,0.01,0.0,l3_h256_bs128_lr0.01_g0.0_w1_sgd,1
39,41.286231994628906,33.83894348144531,4,3,256,128,0.01,0.0,l3_h256_bs128_lr0.01_g0.0_w1_sgd,1
40,30.604066848754883,27.760316848754883,4,3,256,128,0.01,0.0,l3_h256_bs128_lr0.01_g0.0_w1_sgd,1
41,22.854183197021484,23.306621551513672,4,3,256,128,0.01,0.0,l3_h256_bs128_lr0.01_g0.0_w1_sgd,1
42,21.995437622070312,19.15926742553711,4,3,256,128,0.01,0.0,l3_h256_bs128_lr0.01_g0.0_w1_sgd,1
43,19.347490310668945,15.108246803283691,4,3,256,128,0.01,0.0,l3_h256_bs128_lr0.01_g0.0_w1_sgd,1
44,19.60552406311035,12.102777481079102,4,3,256,128,0.01,0.0,l3_h256_bs128_lr0.01_g0.0_w1_sgd,1
45,16.943740844726562,12.552358627319336,4,3,256,128,0.01,0.0,l3_h256_bs128_lr0.01_g0.0_w1_sgd,1
46,9.600942611694336,10.930377006530762,4,3,256,128,0.01,0.0,l3_h256_bs128_lr0.01_g0.0_w1_sgd,1
47,12.575642585754395,9.524794578552246,4,3,256,128,0.01,0.0,l3_h256_bs128_lr0.01_g0.0_w1_sgd,1
48,13.786659240722656,16.431747436523438,4,3,256,128,0.01,0.0,l3_h256_bs128_lr0.01_g0.0_w1_sgd,1
49,14.56652545928955,9.635313034057617,4,3,256,128,0.01,0.0,l3_h256_bs128_lr0.01_g0.0_w1_sgd,1
50,19.713336944580078,16.150022506713867,4,3,256,128,0.01,0.0,l3_h256_bs128_lr0.01_g0.0_w1_sgd,1
51,15.11839485168457,9.054442405700684,4,3,256,128,0.01,0.0,l3_h256_bs128_lr0.01_g0.0_w1_sgd,1
52,19.740541458129883,12.164793968200684,4,3,256,128,0.01,0.0,l3_h256_bs128_lr0.01_g0.0_w1_sgd,1
53,14.191003799438477,9.343055725097656,4,3,256,128,0.01,0.0,l3_h256_bs128_lr0.01_g0.0_w1_sgd,1
54,19.06549072265625,16.046384811401367,4,3,256,128,0.01,0.0,l3_h256_bs128_lr0.01_g0.0_w1_sgd,1
55,20.931739807128906,8.87713623046875,4,3,256,128,0.01,0.0,l3_h256_bs128_lr0.01_g0.0_w1_sgd,1
56,11.721466064453125,18.164087295532227,4,3,256,128,0.01,0.0,l3_h256_bs128_lr0.01_g0.0_w1_sgd,1
57,13.047370910644531,8.773029327392578,4,3,256,128,0.01,0.0,l3_h256_bs128_lr0.01_g0.0_w1_sgd,1
58,9.212347030639648,8.37179946899414,4,3,256,128,0.01,0.0,l3_h256_bs128_lr0.01_g0.0_w1_sgd,1
59,8.808774948120117,9.96750545501709,4,3,256,128,0.01,0.0,l3_h256_bs128_lr0.01_g0.0_w1_sgd,1
60,6.799837112426758,9.428731918334961,4,3,256,128,0.01,0.0,l3_h256_bs128_lr0.01_g0.0_w1_sgd,1
61,12.390081405639648,17.00849151611328,4,3,256,128,0.01,0.0,l3_h256_bs128_lr0.01_g0.0_w1_sgd,1
62,12.894044876098633,9.159704208374023,4,3,256,128,0.01,0.0,l3_h256_bs128_lr0.01_g0.0_w1_sgd,1
63,10.081430435180664,17.77886962890625,4,3,256,128,0.01,0.0,l3_h256_bs128_lr0.01_g0.0_w1_sgd,1
64,11.187080383300781,7.661704063415527,4,3,256,128,0.01,0.0,l3_h256_bs128_lr0.01_g0.0_w1_sgd,1
65,13.214800834655762,9.822403907775879,4,3,256,128,0.01,0.0,l3_h256_bs128_lr0.01_g0.0_w1_sgd,1
66,13.673236846923828,8.087197303771973,4,3,256,128,0.01,0.0,l3_h256_bs128_lr0.01_g0.0_w1_sgd,1
67,12.10879135131836,10.179306983947754,4,3,256,128,0.01,0.0,l3_h256_bs128_lr0.01_g0.0_w1_sgd,1
68,10.230298042297363,8.009986877441406,4,3,256,128,0.01,0.0,l3_h256_bs128_lr0.01_g0.0_w1_sgd,1
69,11.650102615356445,11.266371726989746,4,3,256,128,0.01,0.0,l3_h256_bs128_lr0.01_g0.0_w1_sgd,1
70,14.016542434692383,9.808996200561523,4,3,256,128,0.01,0.0,l3_h256_bs128_lr0.01_g0.0_w1_sgd,1
71,14.081656455993652,32.82027053833008,4,3,256,128,0.01,0.0,l3_h256_bs128_lr0.01_g0.0_w1_sgd,1
72,44.97024154663086,11.787314414978027,4,3,256,128,0.01,0.0,l3_h256_bs128_lr0.01_g0.0_w1_sgd,1
73,19.859277725219727,36.42787551879883,4,3,256,128,0.01,0.0,l3_h256_bs128_lr0.01_g0.0_w1_sgd,1
74,21.0672550201416,10.938857078552246,4,3,256,128,0.01,0.0,l3_h256_bs128_lr0.01_g0.0_w1_sgd,1
0,292.83245849609375,311.3623352050781,5,3,256,128,0.01,0.0,l3_h256_bs128_lr0.01_g0.0_w1_sgd,1
1,271.1981201171875,306.35107421875,5,3,256,128,0.01,0.0,l3_h256_bs128_lr0.01_g0.0_w1_sgd,1
2,266.97210693359375,301.5323181152344,5,3,256,128,0.01,0.0,l3_h256_bs128_lr0.01_g0.0_w1_sgd,1
3,279.5845947265625,296.6734313964844,5,3,256,128,0.01,0.0,l3_h256_bs128_lr0.01_g0.0_w1_sgd,1
4,283.07440185546875,291.8545227050781,5,3,256,128,0.01,0.0,l3_h256_bs128_lr0.01_g0.0_w1_sgd,1
5,322.1502685546875,286.7645263671875,5,3,256,128,0.01,0.0,l3_h256_bs128_lr0.01_g0.0_w1_sgd,1
6,248.98797607421875,282.2629699707031,5,3,256,128,0.01,0.0,l3_h256_bs128_lr0.01_g0.0_w1_sgd,1
7,240.98245239257812,277.9153747558594,5,3,256,128,0.01,0.0,l3_h256_bs128_lr0.01_g0.0_w1_sgd,1
8,248.02896118164062,273.4891357421875,5,3,256,128,0.01,0.0,l3_h256_bs128_lr0.01_g0.0_w1_sgd,1
9,264.66082763671875,268.948486328125,5,3,256,128,0.01,0.0,l3_h256_bs128_lr0.01_g0.0_w1_sgd,1
10,252.566650390625,264.4424133300781,5,3,256,128,0.01,0.0,l3_h256_bs128_lr0.01_g0.0_w1_sgd,1
11,246.48388671875,260.0185241699219,5,3,256,128,0.01,0.0,l3_h256_bs128_lr0.01_g0.0_w1_sgd,1
12,250.20188903808594,255.68028259277344,5,3,256,128,0.01,0.0,l3_h256_bs128_lr0.01_g0.0_w1_sgd,1
13,250.19752502441406,251.05361938476562,5,3,256,128,0.01,0.0,l3_h256_bs128_lr0.01_g0.0_w1_sgd,1
14,204.09730529785156,246.6533660888672,5,3,256,128,0.01,0.0,l3_h256_bs128_lr0.01_g0.0_w1_sgd,1
15,235.81155395507812,241.76914978027344,5,3,256,128,0.01,0.0,l3_h256_bs128_lr0.01_g0.0_w1_sgd,1
16,241.9614715576172,236.5093231201172,5,3,256,128,0.01,0.0,l3_h256_bs128_lr0.01_g0.0_w1_sgd,1
17,201.69090270996094,231.20388793945312,5,3,256,128,0.01,0.0,l3_h256_bs128_lr0.01_g0.0_w1_sgd,1
18,196.83050537109375,225.2978057861328,5,3,256,128,0.01,0.0,l3_h256_bs128_lr0.01_g0.0_w1_sgd,1
19,162.25546264648438,218.97348022460938,5,3,256,128,0.01,0.0,l3_h256_bs128_lr0.01_g0.0_w1_sgd,1
20,190.70248413085938,211.26239013671875,5,3,256,128,0.01,0.0,l3_h256_bs128_lr0.01_g0.0_w1_sgd,1
21,224.92056274414062,201.4138641357422,5,3,256,128,0.01,0.0,l3_h256_bs128_lr0.01_g0.0_w1_sgd,1
22,198.12332153320312,189.79017639160156,5,3,256,128,0.01,0.0,l3_h256_bs128_lr0.01_g0.0_w1_sgd,1
23,187.16458129882812,176.24818420410156,5,3,256,128,0.01,0.0,l3_h256_bs128_lr0.01_g0.0_w1_sgd,1
24,174.4155731201172,160.35348510742188,5,3,256,128,0.01,0.0,l3_h256_bs128_lr0.01_g0.0_w1_sgd,1
25,153.79531860351562,142.68849182128906,5,3,256,128,0.01,0.0,l3_h256_bs128_lr0.01_g0.0_w1_sgd,1
26,128.8197784423828,124.34957122802734,5,3,256,128,0.01,0.0,l3_h256_bs128_lr0.01_g0.0_w1_sgd,1
27,87.26456451416016,107.92566680908203,5,3,256,128,0.01,0.0,l3_h256_bs128_lr0.01_g0.0_w1_sgd,1
28,103.98766326904297,89.9862289428711,5,3,256,128,0.01,0.0,l3_h256_bs128_lr0.01_g0.0_w1_sgd,1
29,56.665611267089844,77.42051696777344,5,3,256,128,0.01,0.0,l3_h256_bs128_lr0.01_g0.0_w1_sgd,1
30,63.810977935791016,65.5942611694336,5,3,256,128,0.01,0.0,l3_h256_bs128_lr0.01_g0.0_w1_sgd,1
31,41.25865173339844,58.3513069152832,5,3,256,128,0.01,0.0,l3_h256_bs128_lr0.01_g0.0_w1_sgd,1
32,38.489585876464844,54.88469696044922,5,3,256,128,0.01,0.0,l3_h256_bs128_lr0.01_g0.0_w1_sgd,1
33,36.3260383605957,52.375038146972656,5,3,256,128,0.01,0.0,l3_h256_bs128_lr0.01_g0.0_w1_sgd,1
34,37.31663513183594,50.89634704589844,5,3,256,128,0.01,0.0,l3_h256_bs128_lr0.01_g0.0_w1_sgd,1
35,38.483245849609375,50.03288650512695,5,3,256,128,0.01,0.0,l3_h256_bs128_lr0.01_g0.0_w1_sgd,1
36,36.14617919921875,50.15338897705078,5,3,256,128,0.01,0.0,l3_h256_bs128_lr0.01_g0.0_w1_sgd,1
37,39.6712646484375,48.57252883911133,5,3,256,128,0.01,0.0,l3_h256_bs128_lr0.01_g0.0_w1_sgd,1
38,36.78181076049805,46.48651123046875,5,3,256,128,0.01,0.0,l3_h256_bs128_lr0.01_g0.0_w1_sgd,1
39,34.32270050048828,44.37344741821289,5,3,256,128,0.01,0.0,l3_h256_bs128_lr0.01_g0.0_w1_sgd,1
40,52.34395217895508,38.4873046875,5,3,256,128,0.01,0.0,l3_h256_bs128_lr0.01_g0.0_w1_sgd,1
41,28.60984992980957,34.05559158325195,5,3,256,128,0.01,0.0,l3_h256_bs128_lr0.01_g0.0_w1_sgd,1
42,45.6497802734375,26.465612411499023,5,3,256,128,0.01,0.0,l3_h256_bs128_lr0.01_g0.0_w1_sgd,1
43,32.13458251953125,23.68110466003418,5,3,256,128,0.01,0.0,l3_h256_bs128_lr0.01_g0.0_w1_sgd,1
44,21.80276870727539,20.169965744018555,5,3,256,128,0.01,0.0,l3_h256_bs128_lr0.01_g0.0_w1_sgd,1
45,12.125099182128906,14.91731071472168,5,3,256,128,0.01,0.0,l3_h256_bs128_lr0.01_g0.0_w1_sgd,1
46,16.136526107788086,12.36361026763916,5,3,256,128,0.01,0.0,l3_h256_bs128_lr0.01_g0.0_w1_sgd,1
47,10.105794906616211,13.836467742919922,5,3,256,128,0.01,0.0,l3_h256_bs128_lr0.01_g0.0_w1_sgd,1
48,16.65520668029785,13.088791847229004,5,3,256,128,0.01,0.0,l3_h256_bs128_lr0.01_g0.0_w1_sgd,1
49,11.445804595947266,11.67175006866455,5,3,256,128,0.01,0.0,l3_h256_bs128_lr0.01_g0.0_w1_sgd,1
50,15.684772491455078,11.27661418914795,5,3,256,128,0.01,0.0,l3_h256_bs128_lr0.01_g0.0_w1_sgd,1
51,15.339162826538086,9.338489532470703,5,3,256,128,0.01,0.0,l3_h256_bs128_lr0.01_g0.0_w1_sgd,1
52,14.305704116821289,13.172033309936523,5,3,256,128,0.01,0.0,l3_h256_bs128_lr0.01_g0.0_w1_sgd,1
53,10.101888656616211,8.779605865478516,5,3,256,128,0.01,0.0,l3_h256_bs128_lr0.01_g0.0_w1_sgd,1
54,15.930744171142578,8.69522762298584,5,3,256,128,0.01,0.0,l3_h256_bs128_lr0.01_g0.0_w1_sgd,1
55,12.290498733520508,9.518582344055176,5,3,256,128,0.01,0.0,l3_h256_bs128_lr0.01_g0.0_w1_sgd,1
56,7.386629104614258,9.765219688415527,5,3,256,128,0.01,0.0,l3_h256_bs128_lr0.01_g0.0_w1_sgd,1
57,16.482839584350586,9.617910385131836,5,3,256,128,0.01,0.0,l3_h256_bs128_lr0.01_g0.0_w1_sgd,1
58,8.565017700195312,9.011008262634277,5,3,256,128,0.01,0.0,l3_h256_bs128_lr0.01_g0.0_w1_sgd,1
59,11.026721954345703,8.584101676940918,5,3,256,128,0.01,0.0,l3_h256_bs128_lr0.01_g0.0_w1_sgd,1
60,17.112873077392578,8.448413848876953,5,3,256,128,0.01,0.0,l3_h256_bs128_lr0.01_g0.0_w1_sgd,1
61,10.36116886138916,17.73536491394043,5,3,256,128,0.01,0.0,l3_h256_bs128_lr0.01_g0.0_w1_sgd,1
62,21.819080352783203,7.931686878204346,5,3,256,128,0.01,0.0,l3_h256_bs128_lr0.01_g0.0_w1_sgd,1
63,10.751298904418945,10.446368217468262,5,3,256,128,0.01,0.0,l3_h256_bs128_lr0.01_g0.0_w1_sgd,1
64,6.728647232055664,7.820184230804443,5,3,256,128,0.01,0.0,l3_h256_bs128_lr0.01_g0.0_w1_sgd,1
65,6.086174011230469,9.3048734664917,5,3,256,128,0.01,0.0,l3_h256_bs128_lr0.01_g0.0_w1_sgd,1
66,12.427757263183594,8.305932998657227,5,3,256,128,0.01,0.0,l3_h256_bs128_lr0.01_g0.0_w1_sgd,1
67,11.709648132324219,10.311453819274902,5,3,256,128,0.01,0.0,l3_h256_bs128_lr0.01_g0.0_w1_sgd,1
68,6.170997619628906,9.1011381149292,5,3,256,128,0.01,0.0,l3_h256_bs128_lr0.01_g0.0_w1_sgd,1
69,7.633432388305664,20.103622436523438,5,3,256,128,0.01,0.0,l3_h256_bs128_lr0.01_g0.0_w1_sgd,1
70,13.191533088684082,8.23727035522461,5,3,256,128,0.01,0.0,l3_h256_bs128_lr0.01_g0.0_w1_sgd,1
71,9.02086067199707,14.373136520385742,5,3,256,128,0.01,0.0,l3_h256_bs128_lr0.01_g0.0_w1_sgd,1
72,11.069180488586426,7.818982124328613,5,3,256,128,0.01,0.0,l3_h256_bs128_lr0.01_g0.0_w1_sgd,1
73,8.657017707824707,9.552674293518066,5,3,256,128,0.01,0.0,l3_h256_bs128_lr0.01_g0.0_w1_sgd,1
74,7.48797607421875,8.568647384643555,5,3,256,128,0.01,0.0,l3_h256_bs128_lr0.01_g0.0_w1_sgd,1
